{
  "language": "sw_ke",
  "dataset": "fleurs",
  "num_samples": 100,
  "num_failed": 0,
  "metrics": {
    "mse": {
      "mean": 0.014524453632061658,
      "std": 0.009630345618469953,
      "min": 0.0024047743311642004,
      "max": 0.07328180572218422,
      "median": 0.012421914668855047
    },
    "snr_db": {
      "mean": -0.55475266045547,
      "std": 2.316305041336823,
      "min": -10.827338325153793,
      "max": 3.8209187501286914,
      "median": -0.6867159411514178
    },
    "sdr_db": {
      "mean": -0.45380133088619545,
      "std": 2.336397362350655,
      "min": -10.753629229680831,
      "max": 3.9635323781770726,
      "median": -0.5698421377222227
    },
    "pesq": {
      "mean": 2.1694593834877014,
      "std": 0.3757423689433402,
      "min": 1.4312611818313599,
      "max": 2.9927046298980713,
      "median": 2.245469093322754
    },
    "stoi": {
      "mean": 0.8254852072195811,
      "std": 0.08591925235763245,
      "min": 0.3903531218958861,
      "max": 0.9265676094190294,
      "median": 0.8481267359320852
    },
    "estoi": {
      "mean": 0.6944312386871906,
      "std": 0.12124162810660065,
      "min": 0.2674045701998897,
      "max": 0.8743084527502988,
      "median": 0.7033822333900717
    }
  },
  "tokens_per_second": {
    "mean": 49.92629220689527,
    "std": 0.024786008826028834
  },
  "compression_ratio": {
    "mean": 320.4725053340376,
    "std": 0.15918594542620526
  }
}