{
  "language": "metal",
  "dataset": "gtzan",
  "num_samples": 25,
  "num_failed": 0,
  "metrics": {
    "mse": {
      "mean": 0.03666550739309189,
      "std": 0.01932395558152882,
      "min": 0.015907725022489147,
      "max": 0.10200204551890073,
      "median": 0.029865371901945516
    },
    "snr_db": {
      "mean": -0.5520656293050492,
      "std": 0.32067613500941045,
      "min": -1.3221921755458466,
      "max": -0.06131965402978906,
      "median": -0.4950200073705423
    },
    "sdr_db": {
      "mean": -0.5417772916255503,
      "std": 0.3246318020237824,
      "min": -1.3278081083372264,
      "max": -0.05843756962813677,
      "median": -0.47446454255728054
    },
    "pesq": {
      "mean": 1.1728125047683715,
      "std": 0.07919045026443768,
      "min": 1.037096619606018,
      "max": 1.4137669801712036,
      "median": 1.1741582155227661
    },
    "stoi": {
      "mean": 0.419731228495208,
      "std": 0.09495646167908989,
      "min": 0.1806872378197343,
      "max": 0.579218038382655,
      "median": 0.40989964451439775
    },
    "estoi": {
      "mean": 0.25575362130016627,
      "std": 0.04782662434406013,
      "min": 0.13480215948848917,
      "max": 0.3259921123254665,
      "median": 0.25512668510321995
    }
  },
  "tokens_per_second": {
    "mean": 49.966364526896285,
    "std": 0.0
  },
  "compression_ratio": {
    "mean": 441.29686457638434,
    "std": 5.684341886080802e-14
  }
}