{
  "language": "ga_ie",
  "dataset": "fleurs",
  "num_samples": 100,
  "num_failed": 0,
  "metrics": {
    "mse": {
      "mean": 0.011469780908319571,
      "std": 0.006712151232935968,
      "min": 0.0013233232145559084,
      "max": 0.0336661684995214,
      "median": 0.010630534233544682
    },
    "snr_db": {
      "mean": 0.27329630951525324,
      "std": 1.7428992175113256,
      "min": -3.9778587742313998,
      "max": 4.957946916336786,
      "median": -0.2314581765869742
    },
    "sdr_db": {
      "mean": -0.18082143516371008,
      "std": 2.494753315647114,
      "min": -6.918043754133361,
      "max": 4.979099846933569,
      "median": -0.08189074715732499
    },
    "pesq": {
      "mean": 2.1862345325946806,
      "std": 0.4766201542327061,
      "min": 1.2685871124267578,
      "max": 3.0135369300842285,
      "median": 2.2510762214660645
    },
    "stoi": {
      "mean": 0.8589274347448935,
      "std": 0.05712361422937273,
      "min": 0.6731364123008083,
      "max": 0.9311690530627681,
      "median": 0.8580285883913812
    },
    "estoi": {
      "mean": 0.7430063662597027,
      "std": 0.08889688916220627,
      "min": 0.5317940704502874,
      "max": 0.8788839208861188,
      "median": 0.7356936444797952
    }
  },
  "tokens_per_second": {
    "mean": 49.92927786313004,
    "std": 0.02607441425641487
  },
  "compression_ratio": {
    "mean": 320.4533502818327,
    "std": 0.16753577775923734
  }
}