{
  "language": "slovenia",
  "dataset": "eurospeech",
  "num_samples": 100,
  "num_failed": 0,
  "metrics": {
    "mse": {
      "mean": 0.03140697907627407,
      "std": 0.013137132597208511,
      "min": 0.00848479618242706,
      "max": 0.0665869744798843,
      "median": 0.030209478847470432
    },
    "snr_db": {
      "mean": -1.3665848604217106,
      "std": 0.9463084844416499,
      "min": -3.351767972098689,
      "max": 1.4756822467016217,
      "median": -1.2714073245909019
    },
    "sdr_db": {
      "mean": -1.3260677005579964,
      "std": 0.9349575144110231,
      "min": -3.249419339634476,
      "max": 1.4315468030892429,
      "median": -1.2402299948044004
    },
    "pesq": {
      "mean": 1.9027012884616852,
      "std": 0.09462493636039651,
      "min": 1.5442501306533813,
      "max": 2.114898204803467,
      "median": 1.9003469944000244
    },
    "stoi": {
      "mean": 0.8319865706520776,
      "std": 0.04719523276130057,
      "min": 0.6090484838927713,
      "max": 0.8958779886384197,
      "median": 0.8437399105370851
    },
    "estoi": {
      "mean": 0.6908276305505449,
      "std": 0.07040826070562584,
      "min": 0.4628453509235279,
      "max": 0.7928740671615562,
      "median": 0.7039699819173686
    }
  },
  "tokens_per_second": {
    "mean": 49.94202944883669,
    "std": 0.023693201758592734
  },
  "compression_ratio": {
    "mean": 320.3715143026537,
    "std": 0.152021329796132
  }
}