{
  "language": "tr_tr",
  "dataset": "fleurs",
  "num_samples": 100,
  "num_failed": 0,
  "metrics": {
    "mse": {
      "mean": 0.015496028012936237,
      "std": 0.01790296938769021,
      "min": 0.0010531275424215747,
      "max": 0.15264155095910065,
      "median": 0.01307779716257476
    },
    "snr_db": {
      "mean": -0.3007276618445277,
      "std": 1.305826899030107,
      "min": -3.367741901664573,
      "max": 4.4053911775720085,
      "median": -0.25137908272620874
    },
    "sdr_db": {
      "mean": -0.5995718907974826,
      "std": 1.676914749195181,
      "min": -4.220022138940071,
      "max": 4.406766190082294,
      "median": -0.34421163636448593
    },
    "pesq": {
      "mean": 2.292264467538005,
      "std": 0.4007412544474776,
      "min": 1.4237717390060425,
      "max": 3.3185243606567383,
      "median": 2.239741086959839
    },
    "stoi": {
      "mean": 0.7402559140686558,
      "std": 0.25526321867761026,
      "min": 1e-05,
      "max": 0.9750118861681635,
      "median": 0.8168548572396443
    },
    "estoi": {
      "mean": 0.6087933817699822,
      "std": 0.2394655966836963,
      "min": 1e-05,
      "max": 0.8620787785434662,
      "median": 0.6799423644491611
    }
  },
  "tokens_per_second": {
    "mean": 49.90822732145526,
    "std": 0.03397415498957483
  },
  "compression_ratio": {
    "mean": 320.58857392730664,
    "std": 0.21852597315764083
  }
}