{
  "language": "hiphop",
  "dataset": "gtzan",
  "num_samples": 25,
  "num_failed": 0,
  "metrics": {
    "mse": {
      "mean": 0.05726443101470669,
      "std": 0.019519378475967852,
      "min": 0.02315153719132785,
      "max": 0.09630554559887833,
      "median": 0.05421262710079111
    },
    "snr_db": {
      "mean": -0.48301186993776,
      "std": 0.23273757005693718,
      "min": -1.0529326949582032,
      "max": -0.11147353583762223,
      "median": -0.4171776990247112
    },
    "sdr_db": {
      "mean": -0.4954176186372301,
      "std": 0.23352054363170258,
      "min": -1.0675705090548213,
      "max": -0.1585463949293197,
      "median": -0.4218948883517995
    },
    "pesq": {
      "mean": 1.0955985355377198,
      "std": 0.031038203830143055,
      "min": 1.0255917310714722,
      "max": 1.1576281785964966,
      "median": 1.0905336141586304
    },
    "stoi": {
      "mean": 0.6660693734041032,
      "std": 0.053415078598599335,
      "min": 0.4895532740396094,
      "max": 0.732284183938296,
      "median": 0.6835198140631834
    },
    "estoi": {
      "mean": 0.44960802182857784,
      "std": 0.05978009395356705,
      "min": 0.3096837652151572,
      "max": 0.5535555131513669,
      "median": 0.4603864764397837
    }
  },
  "tokens_per_second": {
    "mean": 49.974878830603814,
    "std": 0.005398703393808956
  },
  "compression_ratio": {
    "mean": 441.2216852409234,
    "std": 0.04766884572204977
  }
}