{
  "language": "yo_ng",
  "dataset": "fleurs",
  "num_samples": 100,
  "num_failed": 0,
  "metrics": {
    "mse": {
      "mean": 0.00915385085039547,
      "std": 0.007220226378235471,
      "min": 0.0017960140091634058,
      "max": 0.05393360596045992,
      "median": 0.007164198926904645
    },
    "snr_db": {
      "mean": -0.16487060270422937,
      "std": 1.8281303091281442,
      "min": -5.233462761468601,
      "max": 3.808821001164182,
      "median": 0.09392333415814072
    },
    "sdr_db": {
      "mean": -0.048531218681595024,
      "std": 1.721096844243006,
      "min": -5.530309043670804,
      "max": 3.6793733582054893,
      "median": 0.2827070012501879
    },
    "pesq": {
      "mean": 2.1800038504600523,
      "std": 0.335162431904457,
      "min": 1.4488916397094727,
      "max": 2.893684148788452,
      "median": 2.239069104194641
    },
    "stoi": {
      "mean": 0.8410637938185387,
      "std": 0.0602292469621505,
      "min": 0.6194643054287634,
      "max": 0.923797584545949,
      "median": 0.8504732284210559
    },
    "estoi": {
      "mean": 0.7051881473662408,
      "std": 0.09736796696902858,
      "min": 0.47222271545774114,
      "max": 0.895876324075159,
      "median": 0.7049696248602632
    }
  },
  "tokens_per_second": {
    "mean": 49.92191418578873,
    "std": 0.03884766236554649
  },
  "compression_ratio": {
    "mean": 320.5007255971711,
    "std": 0.2502024288612509
  }
}