{
  "language": "lb_lu",
  "dataset": "fleurs",
  "num_samples": 100,
  "num_failed": 0,
  "metrics": {
    "mse": {
      "mean": 0.011661235272280336,
      "std": 0.006935209129635841,
      "min": 0.0009480732085255705,
      "max": 0.050332989950568924,
      "median": 0.01024117141570575
    },
    "snr_db": {
      "mean": -0.058920481765061136,
      "std": 1.6706861268989974,
      "min": -7.4499240252154095,
      "max": 3.2567105378880856,
      "median": -0.1233685738159526
    },
    "sdr_db": {
      "mean": 0.055199494864179945,
      "std": 1.7111784525459162,
      "min": -7.812418353708687,
      "max": 3.477436999080958,
      "median": -0.06918811536616179
    },
    "pesq": {
      "mean": 2.2076013505458834,
      "std": 0.2413052015347121,
      "min": 1.3893498182296753,
      "max": 2.7774152755737305,
      "median": 2.1889560222625732
    },
    "stoi": {
      "mean": 0.8916613018190156,
      "std": 0.04002308516719304,
      "min": 0.6495201130271466,
      "max": 0.933885229860691,
      "median": 0.9035929081016487
    },
    "estoi": {
      "mean": 0.7725184591628562,
      "std": 0.06575640425057051,
      "min": 0.3970280937522591,
      "max": 0.8628961266594293,
      "median": 0.7837572889745338
    }
  },
  "tokens_per_second": {
    "mean": 49.90522492071984,
    "std": 0.03889230708325077
  },
  "compression_ratio": {
    "mean": 320.607907305044,
    "std": 0.25006037324563957
  }
}