{
  "language": "latvia",
  "dataset": "eurospeech",
  "num_samples": 100,
  "num_failed": 0,
  "metrics": {
    "mse": {
      "mean": 0.012210231204586985,
      "std": 0.008768987379906674,
      "min": 0.002722212348433636,
      "max": 0.07409102714730746,
      "median": 0.010410959604163723
    },
    "snr_db": {
      "mean": -1.5999393452323074,
      "std": 1.2322800811162142,
      "min": -6.218746692726298,
      "max": 1.3509302073645468,
      "median": -1.6754246528368357
    },
    "sdr_db": {
      "mean": -1.5644896267649324,
      "std": 1.1644880747610415,
      "min": -5.773391015717325,
      "max": 1.0916303961997886,
      "median": -1.6866953116581516
    },
    "pesq": {
      "mean": 1.6806632959842682,
      "std": 0.20633593472275025,
      "min": 1.1351220607757568,
      "max": 2.741992235183716,
      "median": 1.6684549450874329
    },
    "stoi": {
      "mean": 0.7882705092022628,
      "std": 0.10862764191828232,
      "min": 0.031096642646136232,
      "max": 0.8884528593969179,
      "median": 0.8205235010136187
    },
    "estoi": {
      "mean": 0.6229838321784,
      "std": 0.12033746645257844,
      "min": 0.041912429682997,
      "max": 0.7495996875559483,
      "median": 0.6650490801043691
    }
  },
  "tokens_per_second": {
    "mean": 49.928211411392894,
    "std": 0.13117697771175538
  },
  "compression_ratio": {
    "mean": 320.46237298633105,
    "std": 0.8622672437326061
  }
}