{
  "language": "oc_fr",
  "dataset": "fleurs",
  "num_samples": 100,
  "num_failed": 0,
  "metrics": {
    "mse": {
      "mean": 0.011037442872257643,
      "std": 0.005635835480419109,
      "min": 0.002623496165709562,
      "max": 0.03505128982456031,
      "median": 0.010010684531073408
    },
    "snr_db": {
      "mean": -0.5445706945030827,
      "std": 1.7772952809740172,
      "min": -4.885706302566036,
      "max": 2.1704486664442006,
      "median": -0.3015701447916058
    },
    "sdr_db": {
      "mean": -0.47022525932872916,
      "std": 1.8315642213430208,
      "min": -5.08997782218549,
      "max": 2.4352332844524267,
      "median": -0.16491028918866962
    },
    "pesq": {
      "mean": 2.1336246478557586,
      "std": 0.31351638054522746,
      "min": 1.3332499265670776,
      "max": 2.9188833236694336,
      "median": 2.1621482372283936
    },
    "stoi": {
      "mean": 0.867317510921243,
      "std": 0.03839326501297801,
      "min": 0.7634005841662255,
      "max": 0.9359581188142275,
      "median": 0.8722108013552528
    },
    "estoi": {
      "mean": 0.7175781558701431,
      "std": 0.05391574989444654,
      "min": 0.5636063870459792,
      "max": 0.8335711702492293,
      "median": 0.7139746698198763
    }
  },
  "tokens_per_second": {
    "mean": 49.9134674018844,
    "std": 0.04240583401652941
  },
  "compression_ratio": {
    "mean": 320.5550004503223,
    "std": 0.2727337701912045
  }
}