{
  "language": "kea_cv",
  "dataset": "fleurs",
  "num_samples": 100,
  "num_failed": 0,
  "metrics": {
    "mse": {
      "mean": 0.017956126994847152,
      "std": 0.00962906456858638,
      "min": 0.0031388902606942345,
      "max": 0.06279492994286331,
      "median": 0.016721713658660677
    },
    "snr_db": {
      "mean": -1.2458910848157836,
      "std": 1.489170385268726,
      "min": -5.506000406091639,
      "max": 1.5671842520338473,
      "median": -0.9145543050229745
    },
    "sdr_db": {
      "mean": -1.170061148935588,
      "std": 1.4919785413025095,
      "min": -5.542226919336401,
      "max": 1.6533378496312043,
      "median": -0.9018507835462284
    },
    "pesq": {
      "mean": 1.9101971995830536,
      "std": 0.3058214775744729,
      "min": 1.1031447649002075,
      "max": 2.7486014366149902,
      "median": 1.9465755224227905
    },
    "stoi": {
      "mean": 0.7532048362404196,
      "std": 0.09968467035575375,
      "min": 0.3347275176430798,
      "max": 0.9267523305875328,
      "median": 0.7667368510656905
    },
    "estoi": {
      "mean": 0.5901439440227991,
      "std": 0.11594516465172001,
      "min": 0.21940300015418823,
      "max": 0.8341703371455123,
      "median": 0.6013913536534325
    }
  },
  "tokens_per_second": {
    "mean": 49.92239438831427,
    "std": 0.02501477915443816
  },
  "compression_ratio": {
    "mean": 320.49752853070345,
    "std": 0.16069667132603704
  }
}