{
  "language": "disco",
  "dataset": "gtzan",
  "num_samples": 25,
  "num_failed": 0,
  "metrics": {
    "mse": {
      "mean": 0.04695147379530871,
      "std": 0.021618527094685917,
      "min": 0.0199604140989263,
      "max": 0.09247543165926153,
      "median": 0.04072600117307285
    },
    "snr_db": {
      "mean": -0.6042472270926162,
      "std": 0.3072436524461387,
      "min": -1.4229181344674013,
      "max": -0.185853191356877,
      "median": -0.6397139781319054
    },
    "sdr_db": {
      "mean": -0.6042284744508056,
      "std": 0.3055889374345736,
      "min": -1.421169932093392,
      "max": -0.19138889422913405,
      "median": -0.6176552945175168
    },
    "pesq": {
      "mean": 1.1263433742523192,
      "std": 0.027116334178057342,
      "min": 1.0842481851577759,
      "max": 1.18755042552948,
      "median": 1.1217765808105469
    },
    "stoi": {
      "mean": 0.5815749168804861,
      "std": 0.06915534060559246,
      "min": 0.43104515852356295,
      "max": 0.7367668956858892,
      "median": 0.5831707763984133
    },
    "estoi": {
      "mean": 0.3646319577329701,
      "std": 0.055228036046506196,
      "min": 0.2730391707168731,
      "max": 0.5046885553347399,
      "median": 0.35504648285476725
    }
  },
  "tokens_per_second": {
    "mean": 49.97763978187624,
    "std": 0.0042859600078530465
  },
  "compression_ratio": {
    "mean": 441.19730860486686,
    "std": 0.037841538889340165
  }
}