{
  "language": "gl_es",
  "dataset": "fleurs",
  "num_samples": 100,
  "num_failed": 0,
  "metrics": {
    "mse": {
      "mean": 0.01251894502724037,
      "std": 0.005746245156445285,
      "min": 0.004021238231739429,
      "max": 0.03517713247447787,
      "median": 0.011672220746119448
    },
    "snr_db": {
      "mean": 0.21246007169698117,
      "std": 1.7174965465768717,
      "min": -3.599791918723711,
      "max": 3.4825163385941353,
      "median": 0.4010201934199616
    },
    "sdr_db": {
      "mean": 0.2978748888598889,
      "std": 1.7636669604070123,
      "min": -3.826716910586139,
      "max": 3.570290517351802,
      "median": 0.514018248225568
    },
    "pesq": {
      "mean": 2.5203247332572936,
      "std": 0.21641380671732763,
      "min": 1.8017213344573975,
      "max": 2.990668296813965,
      "median": 2.523568868637085
    },
    "stoi": {
      "mean": 0.8784471204916423,
      "std": 0.06917072459193285,
      "min": 0.6069516517392506,
      "max": 0.933076774467815,
      "median": 0.9088596543890586
    },
    "estoi": {
      "mean": 0.7800258799995092,
      "std": 0.07863744256709639,
      "min": 0.499617681578343,
      "max": 0.8689457043329043,
      "median": 0.8084045682814005
    }
  },
  "tokens_per_second": {
    "mean": 49.90034187787609,
    "std": 0.02889787762966994
  },
  "compression_ratio": {
    "mean": 320.6391933685855,
    "std": 0.18577631218478524
  }
}