{
  "language": "te_in",
  "dataset": "fleurs",
  "num_samples": 100,
  "num_failed": 0,
  "metrics": {
    "mse": {
      "mean": 0.02592111278339393,
      "std": 0.013662439872032724,
      "min": 0.003953931861644447,
      "max": 0.06449674449843058,
      "median": 0.023491027661541253
    },
    "snr_db": {
      "mean": -1.0291566975468998,
      "std": 1.419388728071055,
      "min": -5.977676409473107,
      "max": 2.4798560540222385,
      "median": -1.1130753308791
    },
    "sdr_db": {
      "mean": -0.9340610098550998,
      "std": 1.4570162494766403,
      "min": -5.922187825757965,
      "max": 2.6635805541845317,
      "median": -1.0926347370033556
    },
    "pesq": {
      "mean": 1.9777154648303985,
      "std": 0.3802986896122566,
      "min": 1.2404439449310303,
      "max": 3.0622637271881104,
      "median": 1.9180657863616943
    },
    "stoi": {
      "mean": 0.7709153845241845,
      "std": 0.12087464946914507,
      "min": 0.25302725824203554,
      "max": 0.9301230828527708,
      "median": 0.7902308647295371
    },
    "estoi": {
      "mean": 0.6374477847262608,
      "std": 0.14890279607019702,
      "min": 0.1469394267990789,
      "max": 0.8690155421526056,
      "median": 0.6417730369903938
    }
  },
  "tokens_per_second": {
    "mean": 49.9128399586453,
    "std": 0.035061306761720035
  },
  "compression_ratio": {
    "mean": 320.55895672101644,
    "std": 0.22543747085039306
  }
}