{
  "language": "ko_kr",
  "dataset": "fleurs",
  "num_samples": 100,
  "num_failed": 0,
  "metrics": {
    "mse": {
      "mean": 0.016720928157752973,
      "std": 0.010452531081187714,
      "min": 0.0006505881818061617,
      "max": 0.06738363360096677,
      "median": 0.016106254079308126
    },
    "snr_db": {
      "mean": -0.2735615031474213,
      "std": 1.7795642501680329,
      "min": -5.3898254643721195,
      "max": 3.351000170090747,
      "median": -0.08253465787215539
    },
    "sdr_db": {
      "mean": -0.4052795411730729,
      "std": 2.0643905643847047,
      "min": -7.971507201980235,
      "max": 3.4750488485432536,
      "median": 0.027896969694223006
    },
    "pesq": {
      "mean": 2.2817697751522066,
      "std": 0.3928970629627698,
      "min": 1.3512526750564575,
      "max": 3.004260301589966,
      "median": 2.357676386833191
    },
    "stoi": {
      "mean": 0.8024585035384448,
      "std": 0.1189041204049798,
      "min": 0.4218999050770039,
      "max": 0.9347021666058086,
      "median": 0.8463883198164827
    },
    "estoi": {
      "mean": 0.6980556460733386,
      "std": 0.14486198967658614,
      "min": 0.3190180330079182,
      "max": 0.8852887680154227,
      "median": 0.7098019617660292
    }
  },
  "tokens_per_second": {
    "mean": 49.91218609308314,
    "std": 0.027381386750310693
  },
  "compression_ratio": {
    "mean": 320.56309429819373,
    "std": 0.17592926120653352
  }
}