{
  "language": "pl_pl",
  "dataset": "fleurs",
  "num_samples": 100,
  "num_failed": 0,
  "metrics": {
    "mse": {
      "mean": 0.011183737809949119,
      "std": 0.00825904151514562,
      "min": 0.000914910121638383,
      "max": 0.039408181045209593,
      "median": 0.01000760688732039
    },
    "snr_db": {
      "mean": -0.6561228968014936,
      "std": 1.6213904783170223,
      "min": -4.521609392222692,
      "max": 3.247912909410295,
      "median": -0.6002022473957206
    },
    "sdr_db": {
      "mean": -0.6806691669074322,
      "std": 1.6943593172599898,
      "min": -4.712780051710128,
      "max": 2.764955034443405,
      "median": -0.5549042545360601
    },
    "pesq": {
      "mean": 2.2691278684139253,
      "std": 0.2725940531528013,
      "min": 1.4919681549072266,
      "max": 2.822211265563965,
      "median": 2.2880650758743286
    },
    "stoi": {
      "mean": 0.8318505627055237,
      "std": 0.08838287904589562,
      "min": 0.5999184714367654,
      "max": 0.927611261922631,
      "median": 0.8721522864067538
    },
    "estoi": {
      "mean": 0.7179012588990216,
      "std": 0.10240283922649662,
      "min": 0.4982130167681488,
      "max": 0.8546725858280328,
      "median": 0.7518270044452491
    }
  },
  "tokens_per_second": {
    "mean": 49.90620883192947,
    "std": 0.02850306180169935
  },
  "compression_ratio": {
    "mean": 320.6014962376938,
    "std": 0.18324591398916928
  }
}