{
  "language": "hi_in",
  "dataset": "fleurs",
  "num_samples": 100,
  "num_failed": 0,
  "metrics": {
    "mse": {
      "mean": 0.01714175020738369,
      "std": 0.012276047490694393,
      "min": 0.00377679222644081,
      "max": 0.07035346725625385,
      "median": 0.012826497933413356
    },
    "snr_db": {
      "mean": -0.19204855406314406,
      "std": 1.466516456364787,
      "min": -3.8416800558483977,
      "max": 3.1733618202453733,
      "median": -0.20794758810608016
    },
    "sdr_db": {
      "mean": -0.14290563630858377,
      "std": 1.4857824603614267,
      "min": -3.8594485371648872,
      "max": 3.267856198922792,
      "median": -0.1772555253129411
    },
    "pesq": {
      "mean": 2.10751216173172,
      "std": 0.3755803541514381,
      "min": 1.3213660717010498,
      "max": 2.864283800125122,
      "median": 2.0694475173950195
    },
    "stoi": {
      "mean": 0.8058791935691881,
      "std": 0.07784154734425384,
      "min": 0.6308287728014007,
      "max": 0.9338161873940919,
      "median": 0.8032679174746118
    },
    "estoi": {
      "mean": 0.6453288278168717,
      "std": 0.11851334830045028,
      "min": 0.43078729985145553,
      "max": 0.8606559696143589,
      "median": 0.6415160551517017
    }
  },
  "tokens_per_second": {
    "mean": 49.903890609400634,
    "std": 0.03614304731997125
  },
  "compression_ratio": {
    "mean": 320.61645304296917,
    "std": 0.2324163412137403
  }
}