{
  "language": "ka_ge",
  "dataset": "fleurs",
  "num_samples": 100,
  "num_failed": 0,
  "metrics": {
    "mse": {
      "mean": 0.015953729852321144,
      "std": 0.012003900843206667,
      "min": 0.001945007195374563,
      "max": 0.06786093913441706,
      "median": 0.013043531518300393
    },
    "snr_db": {
      "mean": 0.5639005274606613,
      "std": 1.2153525495734783,
      "min": -2.3537930850288453,
      "max": 3.4562352004513794,
      "median": 0.5382965527425493
    },
    "sdr_db": {
      "mean": 0.6846495779669332,
      "std": 1.1934759674280924,
      "min": -2.197417058422821,
      "max": 3.493413706145546,
      "median": 0.5943521905509672
    },
    "pesq": {
      "mean": 2.1159145426750183,
      "std": 0.3638034089360013,
      "min": 1.2872051000595093,
      "max": 2.638535261154175,
      "median": 2.247485637664795
    },
    "stoi": {
      "mean": 0.8546149750635088,
      "std": 0.08487956890042132,
      "min": 0.5869470122860945,
      "max": 0.9340544898915062,
      "median": 0.905240800190104
    },
    "estoi": {
      "mean": 0.7381622347649984,
      "std": 0.12904323550569624,
      "min": 0.423980658466475,
      "max": 0.8737565878381578,
      "median": 0.81887029302892
    }
  },
  "tokens_per_second": {
    "mean": 49.90657630349584,
    "std": 0.040983119743426936
  },
  "compression_ratio": {
    "mean": 320.59924759880147,
    "std": 0.2638441451570382
  }
}