{
  "language": "denmark",
  "dataset": "eurospeech",
  "num_samples": 100,
  "num_failed": 0,
  "metrics": {
    "mse": {
      "mean": 0.012892250424865088,
      "std": 0.006365309626754104,
      "min": 0.004917966405081145,
      "max": 0.03034515264961131,
      "median": 0.011721603006145592
    },
    "snr_db": {
      "mean": -0.31832349330460413,
      "std": 1.343039034402099,
      "min": -3.832513200203546,
      "max": 2.123760210843858,
      "median": -0.05440357547708849
    },
    "sdr_db": {
      "mean": -0.19513672905103077,
      "std": 1.3342253309595915,
      "min": -3.9042937292779127,
      "max": 2.180767770308718,
      "median": 0.07354246438139712
    },
    "pesq": {
      "mean": 2.345281122922897,
      "std": 0.2193572031667989,
      "min": 1.627293348312378,
      "max": 2.7863080501556396,
      "median": 2.3037407398223877
    },
    "stoi": {
      "mean": 0.8982945873957503,
      "std": 0.036767926349768366,
      "min": 0.621938037772659,
      "max": 0.9358428134278095,
      "median": 0.905620683617731
    },
    "estoi": {
      "mean": 0.769413575186317,
      "std": 0.07105332597886536,
      "min": 0.37636530343952157,
      "max": 0.8657306268477071,
      "median": 0.7662273819179151
    }
  },
  "tokens_per_second": {
    "mean": 49.947483550438974,
    "std": 0.023672951149810894
  },
  "compression_ratio": {
    "mean": 320.33653063792457,
    "std": 0.1518459939855509
  }
}