{
  "language": "germany",
  "dataset": "eurospeech",
  "num_samples": 100,
  "num_failed": 0,
  "metrics": {
    "mse": {
      "mean": 0.01755116764539528,
      "std": 0.006475961884111627,
      "min": 0.004812126652101908,
      "max": 0.03713027657655728,
      "median": 0.017152101511026627
    },
    "snr_db": {
      "mean": 0.1383669042484937,
      "std": 1.3234357060364543,
      "min": -3.6543836306988147,
      "max": 3.268242424732092,
      "median": 0.2743668144500636
    },
    "sdr_db": {
      "mean": 0.14118803449330614,
      "std": 1.3411634782634783,
      "min": -3.6446869460885316,
      "max": 3.1219012701359685,
      "median": 0.30148723270361866
    },
    "pesq": {
      "mean": 1.9807747614383697,
      "std": 0.1292434333061199,
      "min": 1.6282243728637695,
      "max": 2.3046669960021973,
      "median": 1.9820436239242554
    },
    "stoi": {
      "mean": 0.8778450451199479,
      "std": 0.04534453089351781,
      "min": 0.6274839637671565,
      "max": 0.9249543090198459,
      "median": 0.8885453908308729
    },
    "estoi": {
      "mean": 0.7439933653585189,
      "std": 0.0755645513118425,
      "min": 0.34703414484658535,
      "max": 0.8308767656401682,
      "median": 0.7666395901006716
    }
  },
  "tokens_per_second": {
    "mean": 49.940976352416456,
    "std": 0.022060139150065793
  },
  "compression_ratio": {
    "mean": 320.3782603148091,
    "std": 0.14153177225540742
  }
}