{
  "language": "estonia",
  "dataset": "eurospeech",
  "num_samples": 100,
  "num_failed": 0,
  "metrics": {
    "mse": {
      "mean": 0.012767976326059255,
      "std": 0.007710290201777314,
      "min": 0.0015788642574017663,
      "max": 0.04185373086137311,
      "median": 0.010421370892996962
    },
    "snr_db": {
      "mean": -0.6822107436343756,
      "std": 1.1304274803836079,
      "min": -3.1148156257192303,
      "max": 2.079501142233424,
      "median": -0.7322171082377367
    },
    "sdr_db": {
      "mean": -0.5160547541685717,
      "std": 1.18555839831227,
      "min": -3.1481648517422034,
      "max": 2.2528544059261857,
      "median": -0.5625337021563814
    },
    "pesq": {
      "mean": 2.2122771632671356,
      "std": 0.3029906731681767,
      "min": 1.5800058841705322,
      "max": 2.986426591873169,
      "median": 2.302791118621826
    },
    "stoi": {
      "mean": 0.8754547124604943,
      "std": 0.0532447120111544,
      "min": 0.43461421909146475,
      "max": 0.919924586669153,
      "median": 0.8896986172735903
    },
    "estoi": {
      "mean": 0.7478401211458789,
      "std": 0.06567273258037847,
      "min": 0.2802431002796782,
      "max": 0.8505365516592471,
      "median": 0.761250351587325
    }
  },
  "tokens_per_second": {
    "mean": 49.95105264719068,
    "std": 0.021952068510203374
  },
  "compression_ratio": {
    "mean": 320.31363190484734,
    "std": 0.1408018684190493
  }
}