{
  "language": "nl_nl",
  "dataset": "fleurs",
  "num_samples": 100,
  "num_failed": 0,
  "metrics": {
    "mse": {
      "mean": 0.014708205762110526,
      "std": 0.006715700034709156,
      "min": 0.0039154984280820706,
      "max": 0.04333654886024468,
      "median": 0.01359897715243244
    },
    "snr_db": {
      "mean": -0.41947659851566116,
      "std": 1.4564608206157925,
      "min": -3.152619480545198,
      "max": 2.5594200897134574,
      "median": -0.42516060527736904
    },
    "sdr_db": {
      "mean": -0.3826463788558383,
      "std": 1.4529207193217155,
      "min": -3.6302720849979315,
      "max": 2.511019765843448,
      "median": -0.4192453456168017
    },
    "pesq": {
      "mean": 2.2167796063423157,
      "std": 0.25237800905490376,
      "min": 1.3332390785217285,
      "max": 2.7028186321258545,
      "median": 2.2611652612686157
    },
    "stoi": {
      "mean": 0.8406300067998855,
      "std": 0.071766495181657,
      "min": 0.6169233831727972,
      "max": 0.9285473329027482,
      "median": 0.8689991994405531
    },
    "estoi": {
      "mean": 0.7131813060568213,
      "std": 0.10419152200766227,
      "min": 0.46345974647425997,
      "max": 0.8596428658916171,
      "median": 0.747806669178072
    }
  },
  "tokens_per_second": {
    "mean": 49.87860640780296,
    "std": 0.04029887205599981
  },
  "compression_ratio": {
    "mean": 320.77901939198824,
    "std": 0.25936558838840584
  }
}