{
  "language": "NatureLM",
  "dataset": "naturelm",
  "num_samples": 100,
  "num_failed": 0,
  "metrics": {
    "mse": {
      "mean": 0.10282045227622731,
      "std": 0.16426800850936626,
      "min": 0.002168341791196428,
      "max": 0.7456618048536292,
      "median": 0.034435227581542945
    },
    "snr_db": {
      "mean": -0.5974579344716764,
      "std": 0.9015642123928373,
      "min": -2.882447544638132,
      "max": 4.779959178776799,
      "median": -0.46424662766231733
    },
    "sdr_db": {
      "mean": NaN,
      "std": NaN,
      "min": NaN,
      "max": NaN,
      "median": NaN
    },
    "pesq": {
      "mean": 1.442986406128982,
      "std": 0.5847440119589251,
      "min": 1.0335350036621094,
      "max": 3.798518180847168,
      "median": 1.2037711143493652
    },
    "stoi": {
      "mean": 0.3361345863150991,
      "std": 0.2459963191226182,
      "min": 1e-05,
      "max": 0.8951317368955966,
      "median": 0.26540185524903903
    },
    "estoi": {
      "mean": 0.19690300986558446,
      "std": 0.1836540113006293,
      "min": -0.07996791242664333,
      "max": 0.7530542731152455,
      "median": 0.11353118540100729
    }
  },
  "tokens_per_second": {
    "mean": 49.80262877410948,
    "std": 0.1895769713312237
  },
  "compression_ratio": {
    "mean": 321.272869630797,
    "std": 1.231506624079697
  }
}