{
  "language": "id_id",
  "dataset": "fleurs",
  "num_samples": 100,
  "num_failed": 0,
  "metrics": {
    "mse": {
      "mean": 0.02068498067000339,
      "std": 0.01525489925769938,
      "min": 0.005109160783584307,
      "max": 0.10899044136224281,
      "median": 0.01592286041627785
    },
    "snr_db": {
      "mean": -0.37142407765024593,
      "std": 1.180645580029121,
      "min": -3.1918732946963573,
      "max": 2.325431627827858,
      "median": -0.22632403720223793
    },
    "sdr_db": {
      "mean": -0.24093388868959717,
      "std": 1.174918060665671,
      "min": -3.111466956850924,
      "max": 2.0237383334226284,
      "median": -0.08811409514582366
    },
    "pesq": {
      "mean": 2.0906966030597687,
      "std": 0.35663433746119905,
      "min": 1.315878987312317,
      "max": 3.0095419883728027,
      "median": 2.098309278488159
    },
    "stoi": {
      "mean": 0.8033588593974443,
      "std": 0.09927898324977154,
      "min": 0.49592375115386467,
      "max": 0.9308714583498037,
      "median": 0.8245624482083067
    },
    "estoi": {
      "mean": 0.6599380909221445,
      "std": 0.1317261698676741,
      "min": 0.2702600786593147,
      "max": 0.8637210951732085,
      "median": 0.6810058901869839
    }
  },
  "tokens_per_second": {
    "mean": 49.90681834507554,
    "std": 0.0363615709623667
  },
  "compression_ratio": {
    "mean": 320.5976465192926,
    "std": 0.23394775481870597
  }
}