{
  "language": "he_il",
  "dataset": "fleurs",
  "num_samples": 100,
  "num_failed": 0,
  "metrics": {
    "mse": {
      "mean": 0.02224582025591276,
      "std": 0.01324081228598728,
      "min": 0.0032106690379905337,
      "max": 0.08671597469575633,
      "median": 0.02067287956938677
    },
    "snr_db": {
      "mean": -1.1181728907227795,
      "std": 1.7120505693275767,
      "min": -8.929207830820634,
      "max": 3.784185066575714,
      "median": -1.0875378880194777
    },
    "sdr_db": {
      "mean": -1.0901343848108238,
      "std": 1.7086500143485668,
      "min": -9.227919940939147,
      "max": 3.5016313595035813,
      "median": -1.0772685565457247
    },
    "pesq": {
      "mean": 1.963213050365448,
      "std": 0.40808051318830546,
      "min": 1.0491620302200317,
      "max": 2.883500814437866,
      "median": 1.9071303606033325
    },
    "stoi": {
      "mean": 0.7992816896457652,
      "std": 0.08210489596319355,
      "min": 0.6242846814177412,
      "max": 0.9383712068920094,
      "median": 0.796610436006381
    },
    "estoi": {
      "mean": 0.6415249401714587,
      "std": 0.11197937395123476,
      "min": 0.4188810720363758,
      "max": 0.8422788884216351,
      "median": 0.6395186303804392
    }
  },
  "tokens_per_second": {
    "mean": 49.89448236546835,
    "std": 0.04030652269927293
  },
  "compression_ratio": {
    "mean": 320.67695043847897,
    "std": 0.2592303327734369
  }
}