{
  "language": "ar_eg",
  "dataset": "fleurs",
  "num_samples": 100,
  "num_failed": 0,
  "metrics": {
    "mse": {
      "mean": 0.0171936957936293,
      "std": 0.011467069486341547,
      "min": 0.0038850121144556804,
      "max": 0.06799905872639674,
      "median": 0.013537774834911946
    },
    "snr_db": {
      "mean": -0.48259975133373684,
      "std": 1.2070859562019094,
      "min": -2.959425121240522,
      "max": 2.143108574004814,
      "median": -0.6509257884899352
    },
    "sdr_db": {
      "mean": -0.41019025240979373,
      "std": 1.2313850147615206,
      "min": -3.123609533157931,
      "max": 2.329739954889788,
      "median": -0.504510838395936
    },
    "pesq": {
      "mean": 2.2312400126457215,
      "std": 0.35241809954975273,
      "min": 1.4174405336380005,
      "max": 3.029263734817505,
      "median": 2.226487636566162
    },
    "stoi": {
      "mean": 0.8662462802004801,
      "std": 0.049447824825418076,
      "min": 0.6923133091959196,
      "max": 0.9434422000303356,
      "median": 0.8786085657987004
    },
    "estoi": {
      "mean": 0.7626805093521851,
      "std": 0.08267239421758504,
      "min": 0.5323518687038945,
      "max": 0.9043354848211774,
      "median": 0.7762291863409665
    }
  },
  "tokens_per_second": {
    "mean": 49.89292765670375,
    "std": 0.0427652578258135
  },
  "compression_ratio": {
    "mean": 320.6869694461995,
    "std": 0.2751541263979812
  }
}