{
  "language": "be_by",
  "dataset": "fleurs",
  "num_samples": 100,
  "num_failed": 0,
  "metrics": {
    "mse": {
      "mean": 0.013415026327678945,
      "std": 0.007892026018758632,
      "min": 0.0013132595781860674,
      "max": 0.0606458912365411,
      "median": 0.012004681577823133
    },
    "snr_db": {
      "mean": -0.5831150622098982,
      "std": 1.6475461842084893,
      "min": -4.0053113882182725,
      "max": 3.145198996467732,
      "median": -0.6104697622422414
    },
    "sdr_db": {
      "mean": -0.47101830538644296,
      "std": 1.6245990489037514,
      "min": -3.862878139373731,
      "max": 3.6076657610307716,
      "median": -0.530284828418911
    },
    "pesq": {
      "mean": 2.1249399054050446,
      "std": 0.30178513861802275,
      "min": 1.4992427825927734,
      "max": 2.78246808052063,
      "median": 2.090439200401306
    },
    "stoi": {
      "mean": 0.8679805304078464,
      "std": 0.04414318427001431,
      "min": 0.6915605733055391,
      "max": 0.9295099730259175,
      "median": 0.8825229290705023
    },
    "estoi": {
      "mean": 0.7443554307042552,
      "std": 0.06208060165793923,
      "min": 0.5634002016332555,
      "max": 0.8513236014718777,
      "median": 0.7531409513682333
    }
  },
  "tokens_per_second": {
    "mean": 49.91640854533765,
    "std": 0.029867937431414304
  },
  "compression_ratio": {
    "mean": 320.5359960632115,
    "std": 0.1919442956494566
  }
}