{
  "language": "rock",
  "dataset": "gtzan",
  "num_samples": 25,
  "num_failed": 0,
  "metrics": {
    "mse": {
      "mean": 0.04109057659528725,
      "std": 0.019472747585673147,
      "min": 0.013826898788951747,
      "max": 0.11216363565111032,
      "median": 0.03657699660537198
    },
    "snr_db": {
      "mean": -0.8533935688124566,
      "std": 0.36559702981915415,
      "min": -1.810294302077793,
      "max": -0.21025298376649182,
      "median": -0.786162659851847
    },
    "sdr_db": {
      "mean": -0.8512643950338473,
      "std": 0.3727013624074219,
      "min": -1.770962230317997,
      "max": -0.2410348574407817,
      "median": -0.7818957962007016
    },
    "pesq": {
      "mean": 1.1528114414215087,
      "std": 0.05691389291187508,
      "min": 1.0392100811004639,
      "max": 1.2497209310531616,
      "median": 1.1587026119232178
    },
    "stoi": {
      "mean": 0.5123292244983703,
      "std": 0.09867647135077622,
      "min": 0.3239302590320105,
      "max": 0.723117459922336,
      "median": 0.49858605785743787
    },
    "estoi": {
      "mean": 0.32340290864111304,
      "std": 0.06144438485572603,
      "min": 0.21183558722660864,
      "max": 0.44440003737317973,
      "median": 0.32330855667178543
    }
  },
  "tokens_per_second": {
    "mean": 49.97734281060269,
    "std": 0.002179258755315617
  },
  "compression_ratio": {
    "mean": 441.1999278452302,
    "std": 0.01924243320499822
  }
}