{
  "language": "ukraine",
  "dataset": "eurospeech",
  "num_samples": 100,
  "num_failed": 0,
  "metrics": {
    "mse": {
      "mean": 0.03347974210603227,
      "std": 0.01785110213862194,
      "min": 0.004177396227425169,
      "max": 0.11235570409977363,
      "median": 0.02885110675840509
    },
    "snr_db": {
      "mean": -1.4599431837319379,
      "std": 1.1464267946533908,
      "min": -3.517798668420861,
      "max": 1.5696759007562755,
      "median": -1.8068005538370366
    },
    "sdr_db": {
      "mean": -1.4215536904986135,
      "std": 1.1142051272045592,
      "min": -3.474002941177197,
      "max": 1.5752095654754052,
      "median": -1.7525333685470197
    },
    "pesq": {
      "mean": 1.9450717628002168,
      "std": 0.2251407497113191,
      "min": 1.474748969078064,
      "max": 2.396573066711426,
      "median": 1.920300841331482
    },
    "stoi": {
      "mean": 0.8117229425372519,
      "std": 0.08877978824327099,
      "min": 0.3597726252924233,
      "max": 0.9144122212378382,
      "median": 0.8102299930723272
    },
    "estoi": {
      "mean": 0.6820800448694498,
      "std": 0.10246660466415929,
      "min": 0.25940793637314385,
      "max": 0.8442226663018514,
      "median": 0.6741917779365858
    }
  },
  "tokens_per_second": {
    "mean": 49.944969617702256,
    "std": 0.023352405184522813
  },
  "compression_ratio": {
    "mean": 320.35265255135863,
    "std": 0.14981876458645013
  }
}