{
  "language": "malta",
  "dataset": "eurospeech",
  "num_samples": 100,
  "num_failed": 0,
  "metrics": {
    "mse": {
      "mean": 0.0160279390679861,
      "std": 0.006192805981304273,
      "min": 0.004442548992812037,
      "max": 0.029052337949489335,
      "median": 0.01690915887778302
    },
    "snr_db": {
      "mean": -1.4438863858790854,
      "std": 0.4981031880282021,
      "min": -2.6959993938977305,
      "max": -0.12099296601490647,
      "median": -1.4826820412186261
    },
    "sdr_db": {
      "mean": -1.4007492028402593,
      "std": 0.5198298492492499,
      "min": -2.37360581401541,
      "max": 0.08013180583535126,
      "median": -1.4142682409389224
    },
    "pesq": {
      "mean": 1.8914685142040253,
      "std": 0.12816479498301508,
      "min": 1.4240235090255737,
      "max": 2.140133857727051,
      "median": 1.9096022248268127
    },
    "stoi": {
      "mean": 0.7412389365756284,
      "std": 0.08607512747428495,
      "min": 0.52849770136441,
      "max": 0.8477150677466823,
      "median": 0.7735196569146141
    },
    "estoi": {
      "mean": 0.5303873728548126,
      "std": 0.10190771517167471,
      "min": 0.33137286879385247,
      "max": 0.689269057908717,
      "median": 0.5563695614846246
    }
  },
  "tokens_per_second": {
    "mean": 49.95200979317217,
    "std": 0.01973469491599249
  },
  "compression_ratio": {
    "mean": 320.30748240042305,
    "std": 0.12656352146174685
  }
}