{
  "language": "es_419",
  "dataset": "fleurs",
  "num_samples": 100,
  "num_failed": 0,
  "metrics": {
    "mse": {
      "mean": 0.03163198357660966,
      "std": 0.03866676881112845,
      "min": 0.0019603743945481684,
      "max": 0.1260821333304293,
      "median": 0.016105905485038284
    },
    "snr_db": {
      "mean": -0.7478360905444882,
      "std": 1.3008640953741535,
      "min": -4.877572488994771,
      "max": 2.2464957121904847,
      "median": -0.5719193927855917
    },
    "sdr_db": {
      "mean": -0.70561975248518,
      "std": 1.301491814607139,
      "min": -4.808437355229973,
      "max": 2.4282503356923524,
      "median": -0.5396158594230729
    },
    "pesq": {
      "mean": 2.2700786209106445,
      "std": 0.6669046883206196,
      "min": 1.019288420677185,
      "max": 4.401012897491455,
      "median": 2.5265058279037476
    },
    "stoi": {
      "mean": 0.771610011321921,
      "std": 0.3026747008086859,
      "min": 0.026570875895539667,
      "max": 0.9488766745756297,
      "median": 0.910748875396854
    },
    "estoi": {
      "mean": 0.6895114831650325,
      "std": 0.28104444667034545,
      "min": 0.019512510318476613,
      "max": 0.8961665344125589,
      "median": 0.8318894515748213
    }
  },
  "tokens_per_second": {
    "mean": 49.90021957226577,
    "std": 0.031546018665890255
  },
  "compression_ratio": {
    "mean": 320.6399998604783,
    "std": 0.20277331894211484
  }
}