{
  "language": "yue_hant_hk",
  "dataset": "fleurs",
  "num_samples": 100,
  "num_failed": 0,
  "metrics": {
    "mse": {
      "mean": 0.011985090285196034,
      "std": 0.007674097827719613,
      "min": 0.0022682525341220137,
      "max": 0.03621078646966883,
      "median": 0.01092115852704455
    },
    "snr_db": {
      "mean": -0.4830311284415261,
      "std": 0.9833078358132669,
      "min": -3.8206778929696017,
      "max": 1.4016956222123713,
      "median": -0.3441082606543229
    },
    "sdr_db": {
      "mean": -0.48217243266532533,
      "std": 1.0899030401216108,
      "min": -3.8896273064995106,
      "max": 1.5390449729903235,
      "median": -0.33945439993766324
    },
    "pesq": {
      "mean": 1.837274956703186,
      "std": 0.38223294507591965,
      "min": 1.1625266075134277,
      "max": 2.7714502811431885,
      "median": 1.7227082252502441
    },
    "stoi": {
      "mean": 0.7601193533781365,
      "std": 0.08062940135312878,
      "min": 0.5499088719808647,
      "max": 0.9299010501631,
      "median": 0.7660738218123924
    },
    "estoi": {
      "mean": 0.5995858148003106,
      "std": 0.10734976265230389,
      "min": 0.37781381060312486,
      "max": 0.8885462920638532,
      "median": 0.6011652642280649
    }
  },
  "tokens_per_second": {
    "mean": 49.91228023711514,
    "std": 0.03150583334226803
  },
  "compression_ratio": {
    "mean": 320.5625209833453,
    "std": 0.20252892858117613
  }
}