{
  "language": "ast_es",
  "dataset": "fleurs",
  "num_samples": 100,
  "num_failed": 0,
  "metrics": {
    "mse": {
      "mean": 0.016097148226298853,
      "std": 0.00779659008958792,
      "min": 0.004410272783991879,
      "max": 0.0398945550379945,
      "median": 0.014229633318221625
    },
    "snr_db": {
      "mean": -0.4048571151975513,
      "std": 1.614783750674159,
      "min": -4.3219557736916405,
      "max": 3.671757665609856,
      "median": -0.35248736526164937
    },
    "sdr_db": {
      "mean": -0.3843176328489301,
      "std": 1.721182420679123,
      "min": -4.245579896531591,
      "max": 3.984330276917339,
      "median": -0.28085349701289863
    },
    "pesq": {
      "mean": 2.298582261800766,
      "std": 0.30240106250738874,
      "min": 1.516526699066162,
      "max": 2.976104736328125,
      "median": 2.2957065105438232
    },
    "stoi": {
      "mean": 0.8858050282098613,
      "std": 0.04643801031706587,
      "min": 0.735021626866272,
      "max": 0.9395594771982072,
      "median": 0.905961445219309
    },
    "estoi": {
      "mean": 0.7754642444399573,
      "std": 0.095812989483983,
      "min": 0.4983233487904042,
      "max": 0.8946371257843942,
      "median": 0.8060980440468996
    }
  },
  "tokens_per_second": {
    "mean": 49.900736335199184,
    "std": 0.03180343885370411
  },
  "compression_ratio": {
    "mean": 320.6366815117367,
    "std": 0.20449087555284437
  }
}