{
  "language": "greece",
  "dataset": "eurospeech",
  "num_samples": 100,
  "num_failed": 0,
  "metrics": {
    "mse": {
      "mean": 0.04865366859685729,
      "std": 0.008071773366816358,
      "min": 0.022567044825871668,
      "max": 0.06338817251499584,
      "median": 0.04947214381646328
    },
    "snr_db": {
      "mean": -1.0247446930826962,
      "std": 0.3394507154345272,
      "min": -1.9559634771502568,
      "max": -0.3708390125743215,
      "median": -0.9981253769847985
    },
    "sdr_db": {
      "mean": -0.9883838715205158,
      "std": 0.37020416400236866,
      "min": -1.9800270199594274,
      "max": -0.1715565128011463,
      "median": -1.000829907664253
    },
    "pesq": {
      "mean": 1.6347342932224274,
      "std": 0.07930545984432792,
      "min": 1.2544282674789429,
      "max": 1.776427149772644,
      "median": 1.6510462760925293
    },
    "stoi": {
      "mean": 0.7379352468602224,
      "std": 0.04539833469422822,
      "min": 0.5435189511737082,
      "max": 0.8256074574935987,
      "median": 0.7352137620594011
    },
    "estoi": {
      "mean": 0.5436009976428479,
      "std": 0.04248808286221092,
      "min": 0.37905872114336087,
      "max": 0.6351084930146585,
      "median": 0.549581154794726
    }
  },
  "tokens_per_second": {
    "mean": 49.944803277034104,
    "std": 0.021861562104496204
  },
  "compression_ratio": {
    "mean": 320.35371081832795,
    "std": 0.14024110395775188
  }
}