{
  "language": "serbia",
  "dataset": "eurospeech",
  "num_samples": 100,
  "num_failed": 0,
  "metrics": {
    "mse": {
      "mean": 0.01756573529876918,
      "std": 0.007983897728346281,
      "min": 0.005077762051540693,
      "max": 0.05700676453746133,
      "median": 0.015966810932866872
    },
    "snr_db": {
      "mean": -0.6605713315009716,
      "std": 1.4669891278387965,
      "min": -4.441968736078761,
      "max": 1.8102484598207065,
      "median": -0.31457493696236843
    },
    "sdr_db": {
      "mean": -0.4979370502977092,
      "std": 1.4088123757090456,
      "min": -4.532794982279656,
      "max": 2.058088653785731,
      "median": -0.23165311587882365
    },
    "pesq": {
      "mean": 2.2332630252838133,
      "std": 0.2314787864199811,
      "min": 1.093247890472412,
      "max": 2.5927770137786865,
      "median": 2.2758935689926147
    },
    "stoi": {
      "mean": 0.7919472634754647,
      "std": 0.08268248076643687,
      "min": 0.11792615197594376,
      "max": 0.885672922190943,
      "median": 0.7991586368524751
    },
    "estoi": {
      "mean": 0.6193102637558094,
      "std": 0.0755264584729634,
      "min": 0.07698607442224438,
      "max": 0.7376655427914665,
      "median": 0.6254756391433953
    }
  },
  "tokens_per_second": {
    "mean": 49.92433702453854,
    "std": 0.16432320753583937
  },
  "compression_ratio": {
    "mean": 320.4885616023693,
    "std": 1.089096840913143
  }
}