{
  "language": "norway",
  "dataset": "eurospeech",
  "num_samples": 100,
  "num_failed": 0,
  "metrics": {
    "mse": {
      "mean": 0.01738220902912908,
      "std": 0.006967611059082306,
      "min": 0.005332906321052189,
      "max": 0.04999732627164043,
      "median": 0.015946108208891696
    },
    "snr_db": {
      "mean": -1.4089446614406034,
      "std": 1.4229447055712554,
      "min": -5.3554695516408835,
      "max": 1.1816855161927344,
      "median": -1.0658009561824682
    },
    "sdr_db": {
      "mean": -1.3238237538454007,
      "std": 1.4279643708049994,
      "min": -4.851946405423772,
      "max": 1.283241614570987,
      "median": -0.9707392336633256
    },
    "pesq": {
      "mean": 2.060349850654602,
      "std": 0.14104992377974424,
      "min": 1.650172233581543,
      "max": 2.369605541229248,
      "median": 2.0728325843811035
    },
    "stoi": {
      "mean": 0.8702376276116377,
      "std": 0.03945152726233039,
      "min": 0.6801703705456352,
      "max": 0.9152026218335441,
      "median": 0.8787998549227016
    },
    "estoi": {
      "mean": 0.7368017114068576,
      "std": 0.057156398870046754,
      "min": 0.5282807642328295,
      "max": 0.8218183398111757,
      "median": 0.743349691105278
    }
  },
  "tokens_per_second": {
    "mean": 49.940654280104745,
    "std": 0.024568632826305527
  },
  "compression_ratio": {
    "mean": 320.38034149716293,
    "std": 0.1576340158477051
  }
}