{
  "language": "af_za",
  "dataset": "fleurs",
  "num_samples": 100,
  "num_failed": 0,
  "metrics": {
    "mse": {
      "mean": 0.019500737285789126,
      "std": 0.009277315555936055,
      "min": 0.0007904859763786558,
      "max": 0.047777715038549,
      "median": 0.018257713776746474
    },
    "snr_db": {
      "mean": -0.8351016017116037,
      "std": 1.1860741785921964,
      "min": -3.756236164528336,
      "max": 2.64209842344292,
      "median": -0.9870538469726271
    },
    "sdr_db": {
      "mean": -0.7278850780786003,
      "std": 1.3131955768127634,
      "min": -6.513785782083882,
      "max": 2.845255640231871,
      "median": -0.8659923403058727
    },
    "pesq": {
      "mean": 2.1660768616199495,
      "std": 0.4532367695159399,
      "min": 1.1697189807891846,
      "max": 3.0101442337036133,
      "median": 2.0920214653015137
    },
    "stoi": {
      "mean": 0.7853829822271627,
      "std": 0.10269927831367456,
      "min": 0.5700663033996216,
      "max": 0.9299933539060359,
      "median": 0.7610854740408141
    },
    "estoi": {
      "mean": 0.6553113216364403,
      "std": 0.14621813159524424,
      "min": 0.3615818838726384,
      "max": 0.8653740702945601,
      "median": 0.6052337318814265
    }
  },
  "tokens_per_second": {
    "mean": 49.90880748917268,
    "std": 0.026807144268074776
  },
  "compression_ratio": {
    "mean": 320.58479099359903,
    "std": 0.17225473695520432
  }
}