{
  "language": "Animal Sound Archive",
  "dataset": "naturelm",
  "num_samples": 100,
  "num_failed": 0,
  "metrics": {
    "mse": {
      "mean": 0.015605082539659603,
      "std": 0.012067579345214267,
      "min": 0.001203871795916195,
      "max": 0.06921877620724937,
      "median": 0.013413116219595143
    },
    "snr_db": {
      "mean": -0.9541807365941218,
      "std": 0.7631552732500263,
      "min": -4.700613958607266,
      "max": 0.16162181113184693,
      "median": -0.8082357450467703
    },
    "sdr_db": {
      "mean": -1.0457652981313652,
      "std": 1.065076456857876,
      "min": -7.609101675040986,
      "max": 0.17441088776023445,
      "median": -0.8179058458078946
    },
    "pesq": {
      "mean": 1.2437739745535032,
      "std": 0.204861446152535,
      "min": 1.0169786214828491,
      "max": 2.374493360519409,
      "median": 1.1940089464187622
    },
    "stoi": {
      "mean": 0.3145922487403301,
      "std": 0.12214154411582699,
      "min": 0.1474753631021351,
      "max": 0.6969506880525166,
      "median": 0.281331595799139
    },
    "estoi": {
      "mean": 0.18343257592743945,
      "std": 0.06397011726327004,
      "min": 0.09735355658060928,
      "max": 0.4403808400470762,
      "median": 0.16365114569004313
    }
  },
  "tokens_per_second": {
    "mean": 49.94297810917771,
    "std": 0.054064113969999196
  },
  "compression_ratio": {
    "mean": 320.3657332852077,
    "std": 0.3478170656244935
  }
}