{
  "language": "reggae",
  "dataset": "gtzan",
  "num_samples": 25,
  "num_failed": 0,
  "metrics": {
    "mse": {
      "mean": 0.026142646822050298,
      "std": 0.007386975923064314,
      "min": 0.014401861658782577,
      "max": 0.04229864279817445,
      "median": 0.02458911330448325
    },
    "snr_db": {
      "mean": -0.9880817697269465,
      "std": 0.46012798452010695,
      "min": -2.238699093918542,
      "max": -0.5319997200729945,
      "median": -0.831862924407214
    },
    "sdr_db": {
      "mean": -0.9920423934313599,
      "std": 0.4650598178818926,
      "min": -2.254442980007029,
      "max": -0.5571823487184749,
      "median": -0.8377023365289327
    },
    "pesq": {
      "mean": 1.1055215501785278,
      "std": 0.04515809774900692,
      "min": 1.0637190341949463,
      "max": 1.2956054210662842,
      "median": 1.0974996089935303
    },
    "stoi": {
      "mean": 0.6688931903103408,
      "std": 0.04665773270584482,
      "min": 0.5378125342743237,
      "max": 0.7371639302880425,
      "median": 0.6778436286773507
    },
    "estoi": {
      "mean": 0.4246599496689518,
      "std": 0.051397755087938264,
      "min": 0.3085083708491716,
      "max": 0.5441164854382213,
      "median": 0.43771447106477374
    }
  },
  "tokens_per_second": {
    "mean": 49.97778764993337,
    "std": 0.0
  },
  "compression_ratio": {
    "mean": 441.1960000000001,
    "std": 5.684341886080802e-14
  }
}