{
  "language": "th_th",
  "dataset": "fleurs",
  "num_samples": 100,
  "num_failed": 0,
  "metrics": {
    "mse": {
      "mean": 0.021816079210043773,
      "std": 0.014704296537615439,
      "min": 0.0010688609662666984,
      "max": 0.05517174794794097,
      "median": 0.021568570465264225
    },
    "snr_db": {
      "mean": -2.115008300043882,
      "std": 4.054606478220597,
      "min": -15.492342234193522,
      "max": 2.531673003004149,
      "median": -0.7848615438195423
    },
    "sdr_db": {
      "mean": -2.1136671147441644,
      "std": 4.178265238850664,
      "min": -16.010288319074874,
      "max": 2.3187322263494803,
      "median": -0.7500198438915775
    },
    "pesq": {
      "mean": 1.9603232896327973,
      "std": 0.4690231657546054,
      "min": 1.1182712316513062,
      "max": 2.997267961502075,
      "median": 2.069990038871765
    },
    "stoi": {
      "mean": 0.8322319792700619,
      "std": 0.08952687314570534,
      "min": 0.5648883869003243,
      "max": 0.9206532610428507,
      "median": 0.8826986756422209
    },
    "estoi": {
      "mean": 0.7179621203010136,
      "std": 0.1358745013992152,
      "min": 0.35508314138265534,
      "max": 0.8856494619325928,
      "median": 0.7795571724041789
    }
  },
  "tokens_per_second": {
    "mean": 49.9064923096532,
    "std": 0.03857519691150442
  },
  "compression_ratio": {
    "mean": 320.59976225343837,
    "std": 0.24807092830246907
  }
}