{
  "language": "country",
  "dataset": "gtzan",
  "num_samples": 25,
  "num_failed": 0,
  "metrics": {
    "mse": {
      "mean": 0.05134467323388239,
      "std": 0.0309971133644245,
      "min": 0.013495383937592658,
      "max": 0.10647929901621661,
      "median": 0.03913673927164462
    },
    "snr_db": {
      "mean": -0.9036294321305136,
      "std": 0.6206648054610592,
      "min": -2.451411259789565,
      "max": -0.08570934548791458,
      "median": -0.92118123157663
    },
    "sdr_db": {
      "mean": -0.8818836681005063,
      "std": 0.6060637492862578,
      "min": -2.521746282686086,
      "max": -0.07871389475865612,
      "median": -0.9062130878302238
    },
    "pesq": {
      "mean": 1.1487196731567382,
      "std": 0.05642864338239222,
      "min": 1.0572947263717651,
      "max": 1.2868046760559082,
      "median": 1.1411384344100952
    },
    "stoi": {
      "mean": 0.4894384019437517,
      "std": 0.09520277040801567,
      "min": 0.3079454029071539,
      "max": 0.64462311652092,
      "median": 0.5097000795956378
    },
    "estoi": {
      "mean": 0.3380690827340444,
      "std": 0.058295015948288946,
      "min": 0.24544585029658283,
      "max": 0.4790481863206363,
      "median": 0.3416349423421549
    }
  },
  "tokens_per_second": {
    "mean": 49.975697853453276,
    "std": 0.005332505356609079
  },
  "compression_ratio": {
    "mean": 441.2144541881849,
    "std": 0.04708575292047389
  }
}