{
  "language": "classical",
  "dataset": "gtzan",
  "num_samples": 25,
  "num_failed": 0,
  "metrics": {
    "mse": {
      "mean": 0.022938046265077866,
      "std": 0.008184282932100398,
      "min": 0.008473194261906826,
      "max": 0.044588748639981704,
      "median": 0.021738550633136223
    },
    "snr_db": {
      "mean": -1.3557607482869793,
      "std": 0.47151568184990517,
      "min": -2.7418875582822904,
      "max": -0.7237556987357854,
      "median": -1.382896214351681
    },
    "sdr_db": {
      "mean": -1.388945479217208,
      "std": 0.5989093364221849,
      "min": -3.521508653629962,
      "max": -0.6029303760425262,
      "median": -1.3231305951927588
    },
    "pesq": {
      "mean": 1.123438138961792,
      "std": 0.03784666086277521,
      "min": 1.0641939640045166,
      "max": 1.2053720951080322,
      "median": 1.1199655532836914
    },
    "stoi": {
      "mean": 0.4289586661771379,
      "std": 0.06117408928442732,
      "min": 0.2987440086830796,
      "max": 0.5320322353535423,
      "median": 0.43727977376178695
    },
    "estoi": {
      "mean": 0.28232980367907773,
      "std": 0.027688137816555044,
      "min": 0.21878435234221139,
      "max": 0.3420622063756792,
      "median": 0.2829565831412456
    }
  },
  "tokens_per_second": {
    "mean": 49.97778764993337,
    "std": 0.0
  },
  "compression_ratio": {
    "mean": 441.1960000000001,
    "std": 5.684341886080802e-14
  }
}