{
  "language": "portugal",
  "dataset": "eurospeech",
  "num_samples": 100,
  "num_failed": 0,
  "metrics": {
    "mse": {
      "mean": 0.01287591982304872,
      "std": 0.0061170471772465365,
      "min": 0.004158991869714536,
      "max": 0.03987678654937216,
      "median": 0.011292776188172801
    },
    "snr_db": {
      "mean": -1.1948764477135256,
      "std": 0.7926733267955527,
      "min": -3.58407160586247,
      "max": 0.29828016104932276,
      "median": -1.1193362858731168
    },
    "sdr_db": {
      "mean": -1.1455962064852618,
      "std": 0.8029702547153527,
      "min": -3.580532344192454,
      "max": 0.8377196541303003,
      "median": -1.0883390059891416
    },
    "pesq": {
      "mean": 2.0971532320976256,
      "std": 0.12625425732739134,
      "min": 1.6532354354858398,
      "max": 2.3925821781158447,
      "median": 2.1080219745635986
    },
    "stoi": {
      "mean": 0.8379554009768907,
      "std": 0.045304909848741304,
      "min": 0.5592083323289897,
      "max": 0.8952357599948093,
      "median": 0.8394954766264895
    },
    "estoi": {
      "mean": 0.6410587478321582,
      "std": 0.056681569656879496,
      "min": 0.3352919641523909,
      "max": 0.74091049342191,
      "median": 0.6387681411486373
    }
  },
  "tokens_per_second": {
    "mean": 49.94979780219215,
    "std": 0.02180685355635578
  },
  "compression_ratio": {
    "mean": 320.32167804484635,
    "std": 0.1398642544728547
  }
}