{
  "language": "vi_vn",
  "dataset": "fleurs",
  "num_samples": 100,
  "num_failed": 0,
  "metrics": {
    "mse": {
      "mean": 0.012206991769407687,
      "std": 0.008623208526556556,
      "min": 0.0012762032807228055,
      "max": 0.051111827668609285,
      "median": 0.010507721663519973
    },
    "snr_db": {
      "mean": -1.224543603938978,
      "std": 1.2204409866526065,
      "min": -4.641694171414381,
      "max": 2.223074447026607,
      "median": -0.9585407114969082
    },
    "sdr_db": {
      "mean": -1.2918663251356977,
      "std": 1.1989510001042163,
      "min": -4.462703050494147,
      "max": 1.9584482545125472,
      "median": -1.0353710708396435
    },
    "pesq": {
      "mean": 2.278864027261734,
      "std": 0.32459341297723177,
      "min": 1.3435410261154175,
      "max": 2.9575257301330566,
      "median": 2.2967302799224854
    },
    "stoi": {
      "mean": 0.8774248841865534,
      "std": 0.061646347910215435,
      "min": 0.5933114555071893,
      "max": 0.9394776417353435,
      "median": 0.8986001465214677
    },
    "estoi": {
      "mean": 0.7938118231276182,
      "std": 0.08361891760109112,
      "min": 0.4591855564147355,
      "max": 0.8982215575295399,
      "median": 0.8200848868623749
    }
  },
  "tokens_per_second": {
    "mean": 49.9048459199522,
    "std": 0.032742399109976346
  },
  "compression_ratio": {
    "mean": 320.6102854369621,
    "std": 0.21058592989296165
  }
}