{
  "language": "fa_ir",
  "dataset": "fleurs",
  "num_samples": 100,
  "num_failed": 0,
  "metrics": {
    "mse": {
      "mean": 0.013490322065458192,
      "std": 0.005942788284431299,
      "min": 0.005287795061511203,
      "max": 0.04167508600520141,
      "median": 0.012938725383578382
    },
    "snr_db": {
      "mean": -0.4435890686562675,
      "std": 1.5355108725020656,
      "min": -3.9167996827553924,
      "max": 2.6612852536537868,
      "median": -0.2508618818350664
    },
    "sdr_db": {
      "mean": -0.3691479106293884,
      "std": 1.5123401725460226,
      "min": -3.6501649063403825,
      "max": 2.571202558654269,
      "median": -0.08889780797819259
    },
    "pesq": {
      "mean": 2.3625379526615142,
      "std": 0.35645660422322534,
      "min": 1.5039422512054443,
      "max": 2.9577274322509766,
      "median": 2.4574848413467407
    },
    "stoi": {
      "mean": 0.866051518881986,
      "std": 0.06271007963295418,
      "min": 0.6053220693829023,
      "max": 0.9382813021262935,
      "median": 0.8815640391371525
    },
    "estoi": {
      "mean": 0.7451049314201176,
      "std": 0.08586701662286002,
      "min": 0.42637393052794187,
      "max": 0.8735345916988239,
      "median": 0.7725452216990127
    }
  },
  "tokens_per_second": {
    "mean": 49.92084842150367,
    "std": 0.02649185467894394
  },
  "compression_ratio": {
    "mean": 320.5074635843667,
    "std": 0.17014878932551972
  }
}