{
  "language": "iceland",
  "dataset": "eurospeech",
  "num_samples": 100,
  "num_failed": 0,
  "metrics": {
    "mse": {
      "mean": 0.013396495164599904,
      "std": 0.0036864544630918657,
      "min": 0.006544447774239948,
      "max": 0.024930940380542898,
      "median": 0.013007589336906303
    },
    "snr_db": {
      "mean": -1.775279335186747,
      "std": 0.8535285074420967,
      "min": -3.91374755159727,
      "max": 0.25364205379661875,
      "median": -1.8070981961197927
    },
    "sdr_db": {
      "mean": -1.704454749409461,
      "std": 0.885944491976275,
      "min": -3.9355926504645504,
      "max": 0.6670044677737115,
      "median": -1.7369915962287452
    },
    "pesq": {
      "mean": 2.077628012895584,
      "std": 0.14837336832886003,
      "min": 1.6377291679382324,
      "max": 2.4227309226989746,
      "median": 2.0784339904785156
    },
    "stoi": {
      "mean": 0.8359086863750284,
      "std": 0.045446481999943014,
      "min": 0.7089866059817094,
      "max": 0.8968942151491196,
      "median": 0.8498652705395344
    },
    "estoi": {
      "mean": 0.6396257989141969,
      "std": 0.04979410274106453,
      "min": 0.473645993303825,
      "max": 0.727492939606676,
      "median": 0.6431622238964951
    }
  },
  "tokens_per_second": {
    "mean": 49.94710518233964,
    "std": 0.02382622228850774
  },
  "compression_ratio": {
    "mean": 320.3389582454057,
    "std": 0.15283517493054474
  }
}