{
  "language": "hy_am",
  "dataset": "fleurs",
  "num_samples": 100,
  "num_failed": 0,
  "metrics": {
    "mse": {
      "mean": 0.021803313668427703,
      "std": 0.018007840019072373,
      "min": 0.0030331799597183877,
      "max": 0.09139419479272445,
      "median": 0.015762483080293
    },
    "snr_db": {
      "mean": -0.6267252050997263,
      "std": 1.5306687761200521,
      "min": -4.918741743570374,
      "max": 3.1552369775727906,
      "median": -0.6429092741750879
    },
    "sdr_db": {
      "mean": -0.5387347454866207,
      "std": 1.492614899531493,
      "min": -4.997796561864972,
      "max": 2.966868752961518,
      "median": -0.5409809502014123
    },
    "pesq": {
      "mean": 2.2953563499450684,
      "std": 0.30265621969499645,
      "min": 1.4546316862106323,
      "max": 2.981127977371216,
      "median": 2.2595194578170776
    },
    "stoi": {
      "mean": 0.8281417508653512,
      "std": 0.09768776466262183,
      "min": 0.5817097776571,
      "max": 0.9427885649763712,
      "median": 0.8520859187662083
    },
    "estoi": {
      "mean": 0.699207893633212,
      "std": 0.11675058168432892,
      "min": 0.42911470164235643,
      "max": 0.8685083279695418,
      "median": 0.7127824876493403
    }
  },
  "tokens_per_second": {
    "mean": 49.90757069620446,
    "std": 0.03248701687320904
  },
  "compression_ratio": {
    "mean": 320.5927790457561,
    "std": 0.20885023009897602
  }
}