{
  "language": "en_us",
  "dataset": "fleurs",
  "num_samples": 100,
  "num_failed": 0,
  "metrics": {
    "mse": {
      "mean": 0.012397671478345479,
      "std": 0.00904869391693612,
      "min": 0.0031542889437171148,
      "max": 0.05347338975990094,
      "median": 0.00987978441978042
    },
    "snr_db": {
      "mean": -0.23695422566120974,
      "std": 1.7871356488115264,
      "min": -4.978924133560442,
      "max": 3.828423068108008,
      "median": -0.08447901637126488
    },
    "sdr_db": {
      "mean": -0.172715052172769,
      "std": 1.8373169496236557,
      "min": -4.969816023974091,
      "max": 3.741982695403172,
      "median": 0.03860164900630415
    },
    "pesq": {
      "mean": 2.1654080295562745,
      "std": 0.41844162200218676,
      "min": 1.1203186511993408,
      "max": 2.848083972930908,
      "median": 2.258888602256775
    },
    "stoi": {
      "mean": 0.8488846501732642,
      "std": 0.0832574058247511,
      "min": 0.5638052344594782,
      "max": 0.9438222127625974,
      "median": 0.8715773333221968
    },
    "estoi": {
      "mean": 0.7223757099028056,
      "std": 0.11724557726257923,
      "min": 0.40439977092952645,
      "max": 0.8845707058927563,
      "median": 0.7573840127879584
    }
  },
  "tokens_per_second": {
    "mean": 49.89151068349266,
    "std": 0.036768690409079145
  },
  "compression_ratio": {
    "mean": 320.6960156962225,
    "std": 0.23643118889326137
  }
}