{
  "language": "bosnia-herzegovina",
  "dataset": "eurospeech",
  "num_samples": 100,
  "num_failed": 0,
  "metrics": {
    "mse": {
      "mean": 0.014538077421139297,
      "std": 0.007181541635562631,
      "min": 0.0014528817402287971,
      "max": 0.041137543599519086,
      "median": 0.015048025144063004
    },
    "snr_db": {
      "mean": -1.7648040676977519,
      "std": 1.0586023499524277,
      "min": -4.195530954148227,
      "max": 1.521141284175206,
      "median": -1.8325032684510978
    },
    "sdr_db": {
      "mean": -1.7471205538981562,
      "std": 1.0127772019367023,
      "min": -4.205513729380196,
      "max": 1.5120026753890201,
      "median": -1.644295745863123
    },
    "pesq": {
      "mean": 2.229056714773178,
      "std": 0.22337614737221953,
      "min": 1.5703155994415283,
      "max": 2.5919406414031982,
      "median": 2.279531717300415
    },
    "stoi": {
      "mean": 0.8657603385850409,
      "std": 0.045325220598005485,
      "min": 0.7050916816710108,
      "max": 0.9264484461176297,
      "median": 0.8777800687560645
    },
    "estoi": {
      "mean": 0.7033353921695352,
      "std": 0.06638595379494344,
      "min": 0.49761319819614097,
      "max": 0.8102267361265885,
      "median": 0.7137295499713283
    }
  },
  "tokens_per_second": {
    "mean": 49.9498479589791,
    "std": 0.0238823772904871
  },
  "compression_ratio": {
    "mean": 320.32136858494954,
    "std": 0.15320212407926675
  }
}