{
  "language": "croatia",
  "dataset": "eurospeech",
  "num_samples": 100,
  "num_failed": 0,
  "metrics": {
    "mse": {
      "mean": 0.026237023259285987,
      "std": 0.00919578059606706,
      "min": 0.007653870484470528,
      "max": 0.06282657570390801,
      "median": 0.025443209927013592
    },
    "snr_db": {
      "mean": -1.158480719183036,
      "std": 0.7066274671474213,
      "min": -3.1475536602929974,
      "max": 0.1655946594918342,
      "median": -1.097831176571027
    },
    "sdr_db": {
      "mean": -1.1178559703557152,
      "std": 0.6984626621713949,
      "min": -3.1680415060581733,
      "max": 0.2506645955489285,
      "median": -1.0372305501991903
    },
    "pesq": {
      "mean": 1.6587950956821442,
      "std": 0.14949441862564739,
      "min": 1.124692440032959,
      "max": 1.9061203002929688,
      "median": 1.6755281686782837
    },
    "stoi": {
      "mean": 0.757513675156573,
      "std": 0.06909877168854067,
      "min": 0.5148067000549534,
      "max": 0.8728043916297767,
      "median": 0.7693084302265378
    },
    "estoi": {
      "mean": 0.5416742237269876,
      "std": 0.07931719901726787,
      "min": 0.36853086098669563,
      "max": 0.6865376759934684,
      "median": 0.5464923373561423
    }
  },
  "tokens_per_second": {
    "mean": 49.94583137969477,
    "std": 0.022680640198539322
  },
  "compression_ratio": {
    "mean": 320.34712123020734,
    "std": 0.14549567535233923
  }
}