{
  "language": "ca_es",
  "dataset": "fleurs",
  "num_samples": 100,
  "num_failed": 0,
  "metrics": {
    "mse": {
      "mean": 0.016047129458099083,
      "std": 0.011579214406045323,
      "min": 0.0036994839376779136,
      "max": 0.05388182974536558,
      "median": 0.011681152175352271
    },
    "snr_db": {
      "mean": -0.12438070748561772,
      "std": 1.3038698115400997,
      "min": -2.926173730334558,
      "max": 3.0620912386376737,
      "median": -0.386258856705514
    },
    "sdr_db": {
      "mean": -0.06066921862067504,
      "std": 1.3207070548704363,
      "min": -2.8847418357141903,
      "max": 3.2201033475144243,
      "median": -0.33013834686116694
    },
    "pesq": {
      "mean": 2.0840199851989745,
      "std": 0.37324342558739887,
      "min": 1.3011420965194702,
      "max": 2.7649903297424316,
      "median": 2.0533639192581177
    },
    "stoi": {
      "mean": 0.8252651020124155,
      "std": 0.10512664262887125,
      "min": 0.5087274935289321,
      "max": 0.9382127774852707,
      "median": 0.8518358696918125
    },
    "estoi": {
      "mean": 0.7003785816111261,
      "std": 0.13391995666333836,
      "min": 0.37975970742294574,
      "max": 0.885008701842475,
      "median": 0.7014280236539618
    }
  },
  "tokens_per_second": {
    "mean": 49.90654963337982,
    "std": 0.035024672003164364
  },
  "compression_ratio": {
    "mean": 320.59936032091935,
    "std": 0.22522098285507805
  }
}