{
  "language": "uk",
  "dataset": "eurospeech",
  "num_samples": 100,
  "num_failed": 0,
  "metrics": {
    "mse": {
      "mean": 0.010183322777505445,
      "std": 0.004304016206448673,
      "min": 0.002695630251961932,
      "max": 0.027116269712973436,
      "median": 0.009384768140365526
    },
    "snr_db": {
      "mean": -2.2024627977654587,
      "std": 1.1697657303267734,
      "min": -4.458054020982526,
      "max": 0.4821869443698965,
      "median": -2.331319592812115
    },
    "sdr_db": {
      "mean": -2.106504214420179,
      "std": 1.2227015636004184,
      "min": -4.429686879941449,
      "max": 0.748969733682085,
      "median": -2.1911198355302783
    },
    "pesq": {
      "mean": 2.2827514779567717,
      "std": 0.12098108928813928,
      "min": 1.868703007698059,
      "max": 2.578249931335449,
      "median": 2.303799033164978
    },
    "stoi": {
      "mean": 0.8832359755848429,
      "std": 0.018613699815320406,
      "min": 0.8085430221851417,
      "max": 0.9179934450008406,
      "median": 0.8869688260368889
    },
    "estoi": {
      "mean": 0.7355962267771733,
      "std": 0.04368580354184399,
      "min": 0.621562463729487,
      "max": 0.8249890714432337,
      "median": 0.7336049807631977
    }
  },
  "tokens_per_second": {
    "mean": 49.944381465444366,
    "std": 0.02234109126379438
  },
  "compression_ratio": {
    "mean": 320.3564191375928,
    "std": 0.14333732002023164
  }
}