{
  "language": "ja_jp",
  "dataset": "fleurs",
  "num_samples": 100,
  "num_failed": 0,
  "metrics": {
    "mse": {
      "mean": 0.018313335240513755,
      "std": 0.009170691061325693,
      "min": 0.001966693124659524,
      "max": 0.05192115183966722,
      "median": 0.016275046133514687
    },
    "snr_db": {
      "mean": -0.6189255017403537,
      "std": 1.3737740689084756,
      "min": -3.678794893974449,
      "max": 2.5061667018566576,
      "median": -0.6017487305150919
    },
    "sdr_db": {
      "mean": -0.5132610117831325,
      "std": 1.4782461046073971,
      "min": -3.6420040982100965,
      "max": 4.506201041017273,
      "median": -0.6089606389911214
    },
    "pesq": {
      "mean": 2.091239770650864,
      "std": 0.3688787085157117,
      "min": 1.3641949892044067,
      "max": 3.028934955596924,
      "median": 2.06246554851532
    },
    "stoi": {
      "mean": 0.8278859336128422,
      "std": 0.07843365023309219,
      "min": 0.6070463646951895,
      "max": 0.9191055487204216,
      "median": 0.8638335140419455
    },
    "estoi": {
      "mean": 0.7017021678595371,
      "std": 0.1232518679333661,
      "min": 0.41794139716031603,
      "max": 0.8593484962438798,
      "median": 0.7372174303990574
    }
  },
  "tokens_per_second": {
    "mean": 49.90810106365775,
    "std": 0.029971203364026082
  },
  "compression_ratio": {
    "mean": 320.589351881155,
    "std": 0.19263889791697786
  }
}