{
  "language": "bulgaria",
  "dataset": "eurospeech",
  "num_samples": 100,
  "num_failed": 0,
  "metrics": {
    "mse": {
      "mean": 0.032871875935337205,
      "std": 0.018482330790859914,
      "min": 0.00607295265891605,
      "max": 0.10053929851837985,
      "median": 0.02829972055468831
    },
    "snr_db": {
      "mean": -2.672819072809737,
      "std": 0.909032448132544,
      "min": -5.3029825833352575,
      "max": -0.16262375297702494,
      "median": -2.6816317200110094
    },
    "sdr_db": {
      "mean": -2.6105516959215165,
      "std": 0.8814898032396782,
      "min": -4.881794076835847,
      "max": -0.0647085996120838,
      "median": -2.550789288700053
    },
    "pesq": {
      "mean": 2.2653329014778136,
      "std": 0.10236317410922852,
      "min": 2.019205093383789,
      "max": 2.541106939315796,
      "median": 2.272825002670288
    },
    "stoi": {
      "mean": 0.8201556514176912,
      "std": 0.06499756810296338,
      "min": 0.4573538513738938,
      "max": 0.8902087990703648,
      "median": 0.8402585421787562
    },
    "estoi": {
      "mean": 0.6436826412697237,
      "std": 0.06956241759424917,
      "min": 0.2905192714600486,
      "max": 0.7486510162603585,
      "median": 0.6596359728313074
    }
  },
  "tokens_per_second": {
    "mean": 49.94518264207311,
    "std": 0.022381821394806534
  },
  "compression_ratio": {
    "mean": 320.35128048639666,
    "std": 0.14357703099331984
  }
}