{
  "language": "lithuania",
  "dataset": "eurospeech",
  "num_samples": 100,
  "num_failed": 0,
  "metrics": {
    "mse": {
      "mean": 0.03854381665855028,
      "std": 0.03374582116353624,
      "min": 0.003355464082836298,
      "max": 0.12736999033220361,
      "median": 0.018652370619370758
    },
    "snr_db": {
      "mean": -2.1078804922993792,
      "std": 1.6455708212197933,
      "min": -5.202614224043648,
      "max": 1.4005850588929658,
      "median": -1.953256483488051
    },
    "sdr_db": {
      "mean": -2.0938181863818652,
      "std": 1.5863817799674234,
      "min": -5.08017004528876,
      "max": 1.354827361890427,
      "median": -1.9400058311071198
    },
    "pesq": {
      "mean": 2.163830807209015,
      "std": 0.21231864630125138,
      "min": 1.2472169399261475,
      "max": 2.637455701828003,
      "median": 2.1670461893081665
    },
    "stoi": {
      "mean": 0.8806223704041553,
      "std": 0.08120277272411042,
      "min": 0.46487819511311185,
      "max": 0.9361671878439686,
      "median": 0.9042922450917263
    },
    "estoi": {
      "mean": 0.7770531973321292,
      "std": 0.10776651771028865,
      "min": 0.27262564145531787,
      "max": 0.8660400683986339,
      "median": 0.8082239943579781
    }
  },
  "tokens_per_second": {
    "mean": 49.94608948301557,
    "std": 0.022852195872562996
  },
  "compression_ratio": {
    "mean": 320.3454667930623,
    "std": 0.14659094743676498
  }
}