{
  "language": "ta_in",
  "dataset": "fleurs",
  "num_samples": 100,
  "num_failed": 0,
  "metrics": {
    "mse": {
      "mean": 0.024489845196134327,
      "std": 0.018630398048959135,
      "min": 0.0012853839289562411,
      "max": 0.13216153212588855,
      "median": 0.021917236965891696
    },
    "snr_db": {
      "mean": -0.297592140424388,
      "std": 1.836483856938024,
      "min": -7.409590013727369,
      "max": 3.511490156995545,
      "median": -0.17032167084255456
    },
    "sdr_db": {
      "mean": -0.2120583139505608,
      "std": 1.8404713002133712,
      "min": -7.533928729521318,
      "max": 3.5255711901664997,
      "median": -0.09751898361474755
    },
    "pesq": {
      "mean": 2.2843560910224916,
      "std": 0.3586666795774132,
      "min": 1.0511393547058105,
      "max": 2.8038570880889893,
      "median": 2.386683702468872
    },
    "stoi": {
      "mean": 0.8476290711172841,
      "std": 0.0925843968145897,
      "min": 0.49154554970735315,
      "max": 0.9315636351858475,
      "median": 0.8853625185147096
    },
    "estoi": {
      "mean": 0.7365012037810328,
      "std": 0.1189398091630175,
      "min": 0.31020878984310885,
      "max": 0.8732833815223113,
      "median": 0.7744018653283271
    }
  },
  "tokens_per_second": {
    "mean": 49.91491981438929,
    "std": 0.02862501566002358
  },
  "compression_ratio": {
    "mean": 320.5455467743721,
    "std": 0.1838987233031388
  }
}