{
  "language": "blues",
  "dataset": "gtzan",
  "num_samples": 25,
  "num_failed": 0,
  "metrics": {
    "mse": {
      "mean": 0.030414975241257015,
      "std": 0.009827031570509912,
      "min": 0.01895202761048653,
      "max": 0.05480848585653139,
      "median": 0.02829546140176256
    },
    "snr_db": {
      "mean": -1.3766369605147804,
      "std": 0.6475606478412682,
      "min": -2.895200322673869,
      "max": 0.2041134110913233,
      "median": -1.35093715433356
    },
    "sdr_db": {
      "mean": -1.325432639459591,
      "std": 0.6574551829973646,
      "min": -2.7070316403956425,
      "max": 0.1910937252779459,
      "median": -1.278957711660951
    },
    "pesq": {
      "mean": 1.2359800148010254,
      "std": 0.08767876069808582,
      "min": 1.0849487781524658,
      "max": 1.4876071214675903,
      "median": 1.2256827354431152
    },
    "stoi": {
      "mean": 0.6686124973545889,
      "std": 0.04657087953325898,
      "min": 0.5694428323019078,
      "max": 0.7464745999204896,
      "median": 0.6781938696638321
    },
    "estoi": {
      "mean": 0.4253032788646859,
      "std": 0.046194899883291334,
      "min": 0.2941917198750378,
      "max": 0.5153553057322089,
      "median": 0.4260217608391188
    }
  },
  "tokens_per_second": {
    "mean": 49.97778764993337,
    "std": 0.0
  },
  "compression_ratio": {
    "mean": 441.1960000000001,
    "std": 5.684341886080802e-14
  }
}