{
  "language": "cs_cz",
  "dataset": "fleurs",
  "num_samples": 100,
  "num_failed": 0,
  "metrics": {
    "mse": {
      "mean": 0.0166571858857972,
      "std": 0.008518003786738573,
      "min": 0.0004251479735020458,
      "max": 0.04450268949093357,
      "median": 0.014939372234858316
    },
    "snr_db": {
      "mean": -0.9233877573614647,
      "std": 1.6630060659021326,
      "min": -7.206722018525863,
      "max": 2.8910952733000634,
      "median": -0.8426575096095146
    },
    "sdr_db": {
      "mean": -0.8231979515252068,
      "std": 1.683261383429591,
      "min": -6.836286884855055,
      "max": 3.7194889321411573,
      "median": -0.7585968079043222
    },
    "pesq": {
      "mean": 2.2090280175209047,
      "std": 0.2994207658465513,
      "min": 1.596773624420166,
      "max": 2.936565399169922,
      "median": 2.17694628238678
    },
    "stoi": {
      "mean": 0.8746686700226459,
      "std": 0.054429861382740245,
      "min": 0.6587971467314693,
      "max": 0.9389772014274073,
      "median": 0.8820781994881237
    },
    "estoi": {
      "mean": 0.7698644914889335,
      "std": 0.08356015745790635,
      "min": 0.4831415118694133,
      "max": 0.8792798737498702,
      "median": 0.7921442107014031
    }
  },
  "tokens_per_second": {
    "mean": 49.90198774955188,
    "std": 0.02556497665699331
  },
  "compression_ratio": {
    "mean": 320.6285946116916,
    "std": 0.1643056300110797
  }
}