{
  "language": "mk_mk",
  "dataset": "fleurs",
  "num_samples": 100,
  "num_failed": 0,
  "metrics": {
    "mse": {
      "mean": 0.012143769527366583,
      "std": 0.007349700113720611,
      "min": 0.004198252899775655,
      "max": 0.055556998200249716,
      "median": 0.009931225050852085
    },
    "snr_db": {
      "mean": 0.23269017829843736,
      "std": 3.1152277559392485,
      "min": -14.133135062401854,
      "max": 4.1127630260165855,
      "median": 0.8411105965895229
    },
    "sdr_db": {
      "mean": 0.3287808935033606,
      "std": 3.106347755596759,
      "min": -13.763960462848548,
      "max": 4.223507314857802,
      "median": 1.0067831993014482
    },
    "pesq": {
      "mean": 2.2724721014499663,
      "std": 0.28335044669135245,
      "min": 1.2686514854431152,
      "max": 2.7761781215667725,
      "median": 2.304444670677185
    },
    "stoi": {
      "mean": 0.8739195738131437,
      "std": 0.03825424241278507,
      "min": 0.7541227547259128,
      "max": 0.9340383614548998,
      "median": 0.8840999839230499
    },
    "estoi": {
      "mean": 0.73147510900274,
      "std": 0.07044100662605614,
      "min": 0.5553814063763018,
      "max": 0.8533068837039786,
      "median": 0.7340420346007378
    }
  },
  "tokens_per_second": {
    "mean": 49.89500894687407,
    "std": 0.035769598119536214
  },
  "compression_ratio": {
    "mean": 320.67352153251466,
    "std": 0.229968881966991
  }
}