{
  "language": "pop",
  "dataset": "gtzan",
  "num_samples": 25,
  "num_failed": 0,
  "metrics": {
    "mse": {
      "mean": 0.04730602299993026,
      "std": 0.014693224927629653,
      "min": 0.01961211271127618,
      "max": 0.08825167468750555,
      "median": 0.048981271612660464
    },
    "snr_db": {
      "mean": -0.5324471140912251,
      "std": 0.2548168907110845,
      "min": -1.4046985996729944,
      "max": -0.23427896673974952,
      "median": -0.4200236670360786
    },
    "sdr_db": {
      "mean": -0.5390402804475991,
      "std": 0.25098799408757466,
      "min": -1.3111652552086743,
      "max": -0.2313885514740029,
      "median": -0.43483509715100777
    },
    "pesq": {
      "mean": 1.121227240562439,
      "std": 0.036491518469789166,
      "min": 1.062498927116394,
      "max": 1.2108359336853027,
      "median": 1.118255853652954
    },
    "stoi": {
      "mean": 0.5546476808111257,
      "std": 0.08548031884037695,
      "min": 0.39549495567331694,
      "max": 0.6803959659809306,
      "median": 0.5749494697478785
    },
    "estoi": {
      "mean": 0.3486014940188739,
      "std": 0.057361880962511706,
      "min": 0.26818215503199105,
      "max": 0.5139000404587175,
      "median": 0.3374902849566208
    }
  },
  "tokens_per_second": {
    "mean": 49.966364526896285,
    "std": 0.0
  },
  "compression_ratio": {
    "mean": 441.29686457638434,
    "std": 5.684341886080802e-14
  }
}