{
  "language": "ro_ro",
  "dataset": "fleurs",
  "num_samples": 100,
  "num_failed": 0,
  "metrics": {
    "mse": {
      "mean": 0.015014065826522096,
      "std": 0.008549610496733934,
      "min": 0.00041565318649202255,
      "max": 0.04629838166132234,
      "median": 0.014252568645089256
    },
    "snr_db": {
      "mean": -0.19788934003351236,
      "std": 2.3155149822949337,
      "min": -7.038756815392948,
      "max": 3.2355728483224655,
      "median": 0.22419454475868672
    },
    "sdr_db": {
      "mean": -0.12031536186688052,
      "std": 2.478289876226128,
      "min": -8.906579420091454,
      "max": 3.9289860802409864,
      "median": 0.4000418492181871
    },
    "pesq": {
      "mean": 2.2352824461460115,
      "std": 0.337886343311522,
      "min": 1.3987312316894531,
      "max": 2.9469053745269775,
      "median": 2.2014646530151367
    },
    "stoi": {
      "mean": 0.8360154922743264,
      "std": 0.0806055598259025,
      "min": 0.599707245164546,
      "max": 0.9416863289611556,
      "median": 0.8484021588435668
    },
    "estoi": {
      "mean": 0.7189665264526282,
      "std": 0.09871518590027972,
      "min": 0.4851083194025056,
      "max": 0.8711129594677113,
      "median": 0.7199167117094909
    }
  },
  "tokens_per_second": {
    "mean": 49.91677772858882,
    "std": 0.020422810846890013
  },
  "compression_ratio": {
    "mean": 320.5335642079487,
    "std": 0.13118277433266703
  }
}