{
  "language": "am_et",
  "dataset": "fleurs",
  "num_samples": 100,
  "num_failed": 0,
  "metrics": {
    "mse": {
      "mean": 0.01303370493411702,
      "std": 0.007434552600035573,
      "min": 0.0019714318772217584,
      "max": 0.033933887638462626,
      "median": 0.011366687984462553
    },
    "snr_db": {
      "mean": -0.9797190904002417,
      "std": 1.6403082785649457,
      "min": -5.792572441914765,
      "max": 2.8091589635285796,
      "median": -0.8771635277881199
    },
    "sdr_db": {
      "mean": -0.9248581710794268,
      "std": 1.6498525221309797,
      "min": -6.149210364065944,
      "max": 1.9559060598858586,
      "median": -0.6286921076324159
    },
    "pesq": {
      "mean": 1.859061186313629,
      "std": 0.3365776873705668,
      "min": 1.275172233581543,
      "max": 2.575579881668091,
      "median": 1.8144271969795227
    },
    "stoi": {
      "mean": 0.7857268013637271,
      "std": 0.11385833108918376,
      "min": 0.44239272936488505,
      "max": 0.9180865654432903,
      "median": 0.8286720607586937
    },
    "estoi": {
      "mean": 0.6306472834951556,
      "std": 0.15111661984002014,
      "min": 0.3399849513567941,
      "max": 0.8444876103512977,
      "median": 0.6617654749850883
    }
  },
  "tokens_per_second": {
    "mean": 49.91025939138117,
    "std": 0.033108275836519735
  },
  "compression_ratio": {
    "mean": 320.5755137604449,
    "std": 0.2128263410993418
  }
}