{
  "language": "ru_ru",
  "dataset": "fleurs",
  "num_samples": 100,
  "num_failed": 0,
  "metrics": {
    "mse": {
      "mean": 0.013947397991634969,
      "std": 0.009447951386834552,
      "min": 0.0027823536476698683,
      "max": 0.05856466960173143,
      "median": 0.01131343084202728
    },
    "snr_db": {
      "mean": 0.513526177377532,
      "std": 1.5042788947903345,
      "min": -3.4125227851791387,
      "max": 3.174517402133154,
      "median": 0.7645034445149252
    },
    "sdr_db": {
      "mean": 0.5027656547505281,
      "std": 1.6250221666838003,
      "min": -3.8242733326864324,
      "max": 3.3313459728937342,
      "median": 0.7811671647660051
    },
    "pesq": {
      "mean": 2.2384894275665284,
      "std": 0.2973900029916419,
      "min": 1.345388650894165,
      "max": 2.8897275924682617,
      "median": 2.265951991081238
    },
    "stoi": {
      "mean": 0.8647648500353934,
      "std": 0.0517881102410054,
      "min": 0.6854654407736442,
      "max": 0.9358329795200769,
      "median": 0.874050309882151
    },
    "estoi": {
      "mean": 0.7357846663718015,
      "std": 0.08730235907970547,
      "min": 0.3926224000937162,
      "max": 0.8881945445242085,
      "median": 0.7458935721903284
    }
  },
  "tokens_per_second": {
    "mean": 49.899178686683626,
    "std": 0.0354081707189956
  },
  "compression_ratio": {
    "mean": 320.64672174635405,
    "std": 0.22773634113229754
  }
}