{
  "language": "hu_hu",
  "dataset": "fleurs",
  "num_samples": 100,
  "num_failed": 0,
  "metrics": {
    "mse": {
      "mean": 0.012958433695452395,
      "std": 0.004748638778850443,
      "min": 0.004633774664082285,
      "max": 0.02620800658260135,
      "median": 0.012237771233166442
    },
    "snr_db": {
      "mean": -0.5843645890648808,
      "std": 1.3281732843862495,
      "min": -3.6658730746589185,
      "max": 2.1961464042030148,
      "median": -0.4106169991372371
    },
    "sdr_db": {
      "mean": -0.498619085751364,
      "std": 1.3620183437943432,
      "min": -3.506251296882509,
      "max": 3.2840441950332586,
      "median": -0.42554337170881457
    },
    "pesq": {
      "mean": 2.096289191246033,
      "std": 0.2861069480590577,
      "min": 1.3530900478363037,
      "max": 2.8639912605285645,
      "median": 2.12784743309021
    },
    "stoi": {
      "mean": 0.7726406980589473,
      "std": 0.12535944550263717,
      "min": 0.5091104134315679,
      "max": 0.9314728474730513,
      "median": 0.7747008197640379
    },
    "estoi": {
      "mean": 0.6238972392627923,
      "std": 0.16488662563025613,
      "min": 0.3280082090976852,
      "max": 0.8650021040151514,
      "median": 0.6281362213583679
    }
  },
  "tokens_per_second": {
    "mean": 49.89613709994465,
    "std": 0.03412505769386706
  },
  "compression_ratio": {
    "mean": 320.6662563035584,
    "std": 0.21942385254552632
  }
}