{
  "language": "slovakia",
  "dataset": "eurospeech",
  "num_samples": 100,
  "num_failed": 0,
  "metrics": {
    "mse": {
      "mean": 0.04251195899730639,
      "std": 0.024383803772722493,
      "min": 0.009150757929480693,
      "max": 0.15820987697481403,
      "median": 0.03763630570069101
    },
    "snr_db": {
      "mean": 0.5311901665100467,
      "std": 1.3550689498357589,
      "min": -2.9325951863252837,
      "max": 2.6635634888936193,
      "median": 0.5750807069961057
    },
    "sdr_db": {
      "mean": 0.7245559053287727,
      "std": 1.31627192873756,
      "min": -2.9882576399396243,
      "max": 2.7557189238482565,
      "median": 0.6157377987349978
    },
    "pesq": {
      "mean": 2.309443553686142,
      "std": 0.13961571448847732,
      "min": 1.9316319227218628,
      "max": 2.5544421672821045,
      "median": 2.3258966207504272
    },
    "stoi": {
      "mean": 0.8759346616940843,
      "std": 0.054166383577531944,
      "min": 0.547547166790012,
      "max": 0.9325303620737535,
      "median": 0.8882804396511337
    },
    "estoi": {
      "mean": 0.7517315192075992,
      "std": 0.06729067117678114,
      "min": 0.4083139963104705,
      "max": 0.8479219479285866,
      "median": 0.7714802835581249
    }
  },
  "tokens_per_second": {
    "mean": 49.947598670041636,
    "std": 0.022222158907879364
  },
  "compression_ratio": {
    "mean": 320.33578377278474,
    "std": 0.14253955458233772
  }
}