{
  "language": "italy",
  "dataset": "eurospeech",
  "num_samples": 100,
  "num_failed": 0,
  "metrics": {
    "mse": {
      "mean": 0.020813294188805922,
      "std": 0.008816566496598585,
      "min": 0.010609009324244686,
      "max": 0.06129703281500711,
      "median": 0.018623188981220208
    },
    "snr_db": {
      "mean": -0.5290476388561366,
      "std": 0.9603768697724971,
      "min": -2.8999163274750406,
      "max": 1.4723006811012174,
      "median": -0.6863736054530474
    },
    "sdr_db": {
      "mean": -0.41592177086304366,
      "std": 0.9546661597652056,
      "min": -3.027707870840707,
      "max": 1.4899689505190277,
      "median": -0.49642927603330533
    },
    "pesq": {
      "mean": 2.2782329165935518,
      "std": 0.24483669828711838,
      "min": 1.862756371498108,
      "max": 2.721285104751587,
      "median": 2.2552467584609985
    },
    "stoi": {
      "mean": 0.8958337923795202,
      "std": 0.01827265903733626,
      "min": 0.8519307717372678,
      "max": 0.9202792907143883,
      "median": 0.9011123205927123
    },
    "estoi": {
      "mean": 0.7740935746071104,
      "std": 0.04400822951681124,
      "min": 0.6891624841105959,
      "max": 0.858114325054698,
      "median": 0.7864621575840007
    }
  },
  "tokens_per_second": {
    "mean": 49.945757058157554,
    "std": 0.02224544070731031
  },
  "compression_ratio": {
    "mean": 320.34759540920544,
    "std": 0.14270221002991032
  }
}