{
  "language": "france",
  "dataset": "eurospeech",
  "num_samples": 100,
  "num_failed": 0,
  "metrics": {
    "mse": {
      "mean": 0.024964228155911386,
      "std": 0.016248967587040627,
      "min": 0.003879869871301939,
      "max": 0.07831246366377663,
      "median": 0.021810307265243897
    },
    "snr_db": {
      "mean": -1.1666152835309567,
      "std": 1.8957871251419949,
      "min": -4.635437265369556,
      "max": 2.836335016754828,
      "median": -0.9718279924534658
    },
    "sdr_db": {
      "mean": -1.00482099015977,
      "std": 1.8903003284391997,
      "min": -4.603651635961607,
      "max": 2.753987234834867,
      "median": -0.8515883189981945
    },
    "pesq": {
      "mean": 2.294405152797699,
      "std": 0.16821201796319174,
      "min": 1.9992847442626953,
      "max": 2.7867095470428467,
      "median": 2.2523871660232544
    },
    "stoi": {
      "mean": 0.8973596697606214,
      "std": 0.01772170612058948,
      "min": 0.7877809655952192,
      "max": 0.9287730893175958,
      "median": 0.8967640404715242
    },
    "estoi": {
      "mean": 0.7926510488366288,
      "std": 0.033418797637750554,
      "min": 0.6396717416761635,
      "max": 0.8618647390556401,
      "median": 0.7893389731334431
    }
  },
  "tokens_per_second": {
    "mean": 49.94658991821043,
    "std": 0.02229481692556948
  },
  "compression_ratio": {
    "mean": 320.3422538833275,
    "std": 0.14300122553916375
  }
}