{
  "language": "sweden",
  "dataset": "eurospeech",
  "num_samples": 100,
  "num_failed": 0,
  "metrics": {
    "mse": {
      "mean": 0.018981258281592642,
      "std": 0.008784349688600573,
      "min": 0.00707471022508011,
      "max": 0.0454406773443262,
      "median": 0.016642772228119777
    },
    "snr_db": {
      "mean": -1.872288107430967,
      "std": 1.358354670667503,
      "min": -4.186118752918826,
      "max": 1.1647577927318384,
      "median": -1.9883981944209714
    },
    "sdr_db": {
      "mean": -1.802602087619052,
      "std": 1.4175515872438644,
      "min": -4.240150990556118,
      "max": 1.3844320708748004,
      "median": -1.9420757618104556
    },
    "pesq": {
      "mean": 2.425966007709503,
      "std": 0.12637494399227311,
      "min": 2.0208816528320312,
      "max": 2.7343273162841797,
      "median": 2.4203964471817017
    },
    "stoi": {
      "mean": 0.9089397102512069,
      "std": 0.019181852944144335,
      "min": 0.8208081303853583,
      "max": 0.9402334321439723,
      "median": 0.9119296445352504
    },
    "estoi": {
      "mean": 0.8048433463536507,
      "std": 0.04203166165867926,
      "min": 0.6400952507154518,
      "max": 0.8666372449983477,
      "median": 0.8076633789828804
    }
  },
  "tokens_per_second": {
    "mean": 49.950077352046065,
    "std": 0.02189891202802705
  },
  "compression_ratio": {
    "mean": 320.3198858647025,
    "std": 0.1404791680293448
  }
}