{
  "language": "cy_gb",
  "dataset": "fleurs",
  "num_samples": 100,
  "num_failed": 0,
  "metrics": {
    "mse": {
      "mean": 0.012879026010068606,
      "std": 0.008801872683382036,
      "min": 0.0011486648444189703,
      "max": 0.044057273843921115,
      "median": 0.010840002869455634
    },
    "snr_db": {
      "mean": -0.46498433915157805,
      "std": 1.9627111721081383,
      "min": -6.219528250058088,
      "max": 3.5273878599585484,
      "median": -0.2911106558993847
    },
    "sdr_db": {
      "mean": -0.3453797354440479,
      "std": 1.9501857262338564,
      "min": -6.246239839078879,
      "max": 3.5672309545496317,
      "median": -0.2602392536795908
    },
    "pesq": {
      "mean": 2.193131496297552,
      "std": 0.44814680330100026,
      "min": 1.1065540313720703,
      "max": 2.8229384422302246,
      "median": 2.3350563049316406
    },
    "stoi": {
      "mean": 0.809603709642957,
      "std": 0.157892541427552,
      "min": 0.3067305225367081,
      "max": 0.9349149024894636,
      "median": 0.8744659759943394
    },
    "estoi": {
      "mean": 0.6572201344930066,
      "std": 0.2451433451185754,
      "min": 0.06382028698911782,
      "max": 0.861347721459658,
      "median": 0.7668895514814439
    }
  },
  "tokens_per_second": {
    "mean": 49.79350163035432,
    "std": 0.2635286019921226
  },
  "compression_ratio": {
    "mean": 321.3361695083843,
    "std": 1.7193239765096757
  }
}