{
  "language": "cmn_hans_cn",
  "dataset": "fleurs",
  "num_samples": 100,
  "num_failed": 0,
  "metrics": {
    "mse": {
      "mean": 0.014483159541000263,
      "std": 0.007306713167316548,
      "min": 0.003801853806046068,
      "max": 0.046097494892845384,
      "median": 0.013941367545359148
    },
    "snr_db": {
      "mean": 0.23820569580005582,
      "std": 1.8122287664874184,
      "min": -5.712462996627008,
      "max": 3.9128404772810694,
      "median": 0.36418681368705247
    },
    "sdr_db": {
      "mean": 0.4133108817602655,
      "std": 1.8332724578703432,
      "min": -5.188417053964229,
      "max": 4.031811306132972,
      "median": 0.449834243349526
    },
    "pesq": {
      "mean": 2.3019391560554503,
      "std": 0.3398393649911789,
      "min": 1.352751612663269,
      "max": 3.0168704986572266,
      "median": 2.367392897605896
    },
    "stoi": {
      "mean": 0.848562657160556,
      "std": 0.08288285597908511,
      "min": 0.5912534853423027,
      "max": 0.9454551449798645,
      "median": 0.8831809747989532
    },
    "estoi": {
      "mean": 0.7305344246294855,
      "std": 0.11693099338825622,
      "min": 0.3854754442999754,
      "max": 0.8975296260108104,
      "median": 0.7618085936798109
    }
  },
  "tokens_per_second": {
    "mean": 49.88950000677554,
    "std": 0.045036714401097626
  },
  "compression_ratio": {
    "mean": 320.7090280180569,
    "std": 0.2898857058723789
  }
}