{
  "language": "bn_in",
  "dataset": "fleurs",
  "num_samples": 100,
  "num_failed": 0,
  "metrics": {
    "mse": {
      "mean": 0.016321957379649584,
      "std": 0.007706020059713311,
      "min": 0.0019217414221856524,
      "max": 0.0367325236721508,
      "median": 0.014335954571584417
    },
    "snr_db": {
      "mean": -0.2917534482175262,
      "std": 1.4255267602123656,
      "min": -3.470489842449418,
      "max": 3.398139614578482,
      "median": -0.061047571283422815
    },
    "sdr_db": {
      "mean": -0.18660962057175992,
      "std": 1.4336978704256216,
      "min": -3.289298091923704,
      "max": 3.3364159836044722,
      "median": -0.05988845404662948
    },
    "pesq": {
      "mean": 1.908356988430023,
      "std": 0.4077579996229112,
      "min": 1.1184868812561035,
      "max": 2.660231828689575,
      "median": 1.9518054723739624
    },
    "stoi": {
      "mean": 0.7846535257989535,
      "std": 0.08155631467194421,
      "min": 0.6404532757812673,
      "max": 0.9417156909196799,
      "median": 0.7895182355979793
    },
    "estoi": {
      "mean": 0.6278535246350008,
      "std": 0.11018203232073089,
      "min": 0.4007290766154461,
      "max": 0.8668378297756266,
      "median": 0.6445359073333019
    }
  },
  "tokens_per_second": {
    "mean": 49.91166054801968,
    "std": 0.03256050434215107
  },
  "compression_ratio": {
    "mean": 320.5665097862145,
    "std": 0.20944155798964048
  }
}