{
  "language": "jazz",
  "dataset": "gtzan",
  "num_samples": 25,
  "num_failed": 0,
  "metrics": {
    "mse": {
      "mean": 0.022344451372202933,
      "std": 0.008884995005433292,
      "min": 0.010839077260869547,
      "max": 0.04537384751252991,
      "median": 0.019648251688824378
    },
    "snr_db": {
      "mean": -1.7369160943215944,
      "std": 0.6830386216250323,
      "min": -2.912768566715962,
      "max": -0.581085367978075,
      "median": -1.64045979005796
    },
    "sdr_db": {
      "mean": -1.7861816436254205,
      "std": 0.6920078285116895,
      "min": -3.011320302622898,
      "max": -0.5330255429902577,
      "median": -1.7356100112865414
    },
    "pesq": {
      "mean": 1.1168662977218629,
      "std": 0.07179822206731408,
      "min": 1.0308115482330322,
      "max": 1.2982710599899292,
      "median": 1.0922094583511353
    },
    "stoi": {
      "mean": 0.5291196868057949,
      "std": 0.08976882454954523,
      "min": 0.35234028856908606,
      "max": 0.720489168710135,
      "median": 0.5378494966299849
    },
    "estoi": {
      "mean": 0.31186569638146977,
      "std": 0.049743623634644886,
      "min": 0.18771732830085097,
      "max": 0.39053895257172216,
      "median": 0.31158616290157337
    }
  },
  "tokens_per_second": {
    "mean": 49.97778764993337,
    "std": 0.0
  },
  "compression_ratio": {
    "mean": 441.1960000000001,
    "std": 5.684341886080802e-14
  }
}