{
  "language": "finland",
  "dataset": "eurospeech",
  "num_samples": 100,
  "num_failed": 0,
  "metrics": {
    "mse": {
      "mean": 0.02750313756948438,
      "std": 0.017962699780501887,
      "min": 0.002740298874257829,
      "max": 0.06978650403017427,
      "median": 0.020006214863549816
    },
    "snr_db": {
      "mean": 0.1846898266733888,
      "std": 1.015978666611116,
      "min": -2.012353094956553,
      "max": 2.4868487177556746,
      "median": 0.27512099371149956
    },
    "sdr_db": {
      "mean": 0.1691896157291894,
      "std": 1.0326664581130263,
      "min": -2.014849149430476,
      "max": 2.8628889181388546,
      "median": 0.20381516873182254
    },
    "pesq": {
      "mean": 2.178594555854797,
      "std": 0.3294682201811482,
      "min": 1.2526336908340454,
      "max": 3.816486358642578,
      "median": 2.198410749435425
    },
    "stoi": {
      "mean": 0.8132581678222326,
      "std": 0.14577895200050053,
      "min": 0.03653104121395394,
      "max": 0.918459309011805,
      "median": 0.8663848035532753
    },
    "estoi": {
      "mean": 0.6550858396536876,
      "std": 0.14529341816601427,
      "min": 0.04445682688735636,
      "max": 0.7949864965128282,
      "median": 0.6932059519494895
    }
  },
  "tokens_per_second": {
    "mean": 49.94510339158114,
    "std": 0.024211090631552298
  },
  "compression_ratio": {
    "mean": 320.3517997683322,
    "std": 0.1553465706301545
  }
}