{
  "language": "ru_ru",
  "dataset": "fleurs",
  "num_samples": 100,
  "num_failed": 0,
  "metrics": {
    "mse": {
      "mean": 0.006723590940725078,
      "std": 0.004998437219076138,
      "min": 0.001944367690472175,
      "max": 0.027612526405337415,
      "median": 0.005177090221939284
    },
    "snr_db": {
      "mean": 3.642430729621334,
      "std": 3.363001975796985,
      "min": -10.74437126563681,
      "max": 9.336817859118494,
      "median": 4.702462520128822
    },
    "sdr_db": {
      "mean": 3.7744748714972673,
      "std": 3.675389387206564,
      "min": -15.48919378949784,
      "max": 9.222742817072136,
      "median": 4.774543455634499
    },
    "pesq": {
      "mean": 2.0838379251956938,
      "std": 0.36014309624341856,
      "min": 1.287184476852417,
      "max": 2.770857095718384,
      "median": 2.1445523500442505
    },
    "stoi": {
      "mean": 0.8471655282680862,
      "std": 0.07112978331170158,
      "min": 0.5737268924476692,
      "max": 0.9381143469456373,
      "median": 0.861292381956875
    },
    "estoi": {
      "mean": 0.7115498330137566,
      "std": 0.10721773258402341,
      "min": 0.3627763310869865,
      "max": 0.8966591026955261,
      "median": 0.7234295074564425
    }
  },
  "tokens_per_second": {
    "mean": 68.51691956040501,
    "std": 10.245600922873667
  },
  "compression_ratio": {
    "mean": 239.96499495513686,
    "std": 44.27906806416958
  }
}