{
  "language": "kea_cv",
  "dataset": "fleurs",
  "num_samples": 100,
  "num_failed": 0,
  "metrics": {
    "mse": {
      "mean": 0.009833958882662714,
      "std": 0.00738290874331446,
      "min": 0.001996205587719798,
      "max": 0.034944770565887476,
      "median": 0.007782693465669821
    },
    "snr_db": {
      "mean": 1.7518269586808812,
      "std": 2.1168501298655684,
      "min": -5.201193296095624,
      "max": 7.142494449919818,
      "median": 1.5967478576753902
    },
    "sdr_db": {
      "mean": 1.6921444578208125,
      "std": 2.0451753119669687,
      "min": -5.103707925838567,
      "max": 7.213152236423626,
      "median": 1.7260310795698648
    },
    "pesq": {
      "mean": 1.6125258219242096,
      "std": 0.2803639957027068,
      "min": 1.04837965965271,
      "max": 2.230480432510376,
      "median": 1.6246448159217834
    },
    "stoi": {
      "mean": 0.6877523686864161,
      "std": 0.11633864044472372,
      "min": 0.259409380085131,
      "max": 0.8860686674174225,
      "median": 0.7066236337229302
    },
    "estoi": {
      "mean": 0.5112566643287146,
      "std": 0.1280637110901958,
      "min": 0.16132857886998214,
      "max": 0.7574736625399396,
      "median": 0.5196354527186644
    }
  },
  "tokens_per_second": {
    "mean": 48.32364003481287,
    "std": 8.53145805288392
  },
  "compression_ratio": {
    "mean": 342.49028980770714,
    "std": 66.21965712895417
  }
}