{
  "language": "cy_gb",
  "dataset": "fleurs",
  "num_samples": 100,
  "num_failed": 0,
  "metrics": {
    "mse": {
      "mean": 0.009381138314887594,
      "std": 0.008659663804696398,
      "min": 0.0009131392035998315,
      "max": 0.04261355094964875,
      "median": 0.006276524428546185
    },
    "snr_db": {
      "mean": 1.316160173088417,
      "std": 3.125971607037166,
      "min": -9.98244868822775,
      "max": 7.487746704633579,
      "median": 0.7490911205504944
    },
    "sdr_db": {
      "mean": 1.3199156532221687,
      "std": 3.133878707088774,
      "min": -9.982448661682044,
      "max": 7.338790450660106,
      "median": 0.7171748571425149
    },
    "pesq": {
      "mean": 1.7492743096453078,
      "std": 0.5125708425341426,
      "min": 1.027033805847168,
      "max": 2.9925155639648438,
      "median": 1.6927145719528198
    },
    "stoi": {
      "mean": 0.7070720969038409,
      "std": 0.21820893748528933,
      "min": 0.05795661148067917,
      "max": 0.9413687800679577,
      "median": 0.7737987316276392
    },
    "estoi": {
      "mean": 0.5497221100909172,
      "std": 0.26670316028867647,
      "min": -0.028532642260862613,
      "max": 0.8838131375095833,
      "median": 0.6248152622533754
    }
  },
  "tokens_per_second": {
    "mean": 46.8999283603211,
    "std": 18.5925346574583
  },
  "compression_ratio": {
    "mean": 426.51115461969874,
    "std": 252.52002988130016
  }
}