{
  "language": "lb_lu",
  "dataset": "fleurs",
  "num_samples": 100,
  "num_failed": 0,
  "metrics": {
    "mse": {
      "mean": 0.007635830567521275,
      "std": 0.0068326608069773295,
      "min": 0.001033204888307389,
      "max": 0.03651626481841966,
      "median": 0.005502774890035712
    },
    "snr_db": {
      "mean": 2.2275686916673068,
      "std": 2.536813567115507,
      "min": -7.689152702227579,
      "max": 7.392217141147734,
      "median": 2.314475328162139
    },
    "sdr_db": {
      "mean": 2.2810551002499495,
      "std": 2.539436441997017,
      "min": -7.37791030439197,
      "max": 7.431336113442965,
      "median": 2.39302001523687
    },
    "pesq": {
      "mean": 1.923741899728775,
      "std": 0.3508910056671124,
      "min": 1.0787594318389893,
      "max": 2.5522475242614746,
      "median": 2.017321467399597
    },
    "stoi": {
      "mean": 0.8500956396431824,
      "std": 0.09398528213579696,
      "min": 0.301442120945364,
      "max": 0.9304498858905762,
      "median": 0.8837213151126665
    },
    "estoi": {
      "mean": 0.7105250245295093,
      "std": 0.12073981760928153,
      "min": 0.16335759719361545,
      "max": 0.8559623885889563,
      "median": 0.7530333504288554
    }
  },
  "tokens_per_second": {
    "mean": 59.58018543340027,
    "std": 13.014884819847476
  },
  "compression_ratio": {
    "mean": 283.8939714468846,
    "std": 73.30957747642705
  }
}