{
  "language": "pl_pl",
  "dataset": "fleurs",
  "num_samples": 100,
  "num_failed": 0,
  "metrics": {
    "mse": {
      "mean": 0.006841463349084539,
      "std": 0.005145618307626656,
      "min": 0.0006184187020084613,
      "max": 0.024889101284285543,
      "median": 0.004616775524337124
    },
    "snr_db": {
      "mean": 1.3776873745870624,
      "std": 3.738527079558359,
      "min": -13.119863384667665,
      "max": 7.450945292506756,
      "median": 1.667093747564802
    },
    "sdr_db": {
      "mean": 1.3254394639133977,
      "std": 4.154502456828737,
      "min": -13.621585848745084,
      "max": 7.944944765093411,
      "median": 2.059316533638638
    },
    "pesq": {
      "mean": 1.9969938564300538,
      "std": 0.3551728441854521,
      "min": 1.1556828022003174,
      "max": 2.916271448135376,
      "median": 1.984314739704132
    },
    "stoi": {
      "mean": 0.8001543308354809,
      "std": 0.10110133730489215,
      "min": 0.5550526071447511,
      "max": 0.9451593884512548,
      "median": 0.8347462375659804
    },
    "estoi": {
      "mean": 0.677721321940599,
      "std": 0.11656519320744291,
      "min": 0.44592150098629246,
      "max": 0.8717920463306497,
      "median": 0.6927592990073107
    }
  },
  "tokens_per_second": {
    "mean": 64.14121131844801,
    "std": 9.282543892980529
  },
  "compression_ratio": {
    "mean": 254.79610320711043,
    "std": 37.654898118604265
  }
}