{
  "language": "metal",
  "dataset": "gtzan",
  "num_samples": 25,
  "num_failed": 0,
  "metrics": {
    "mse": {
      "mean": 0.04790332551703619,
      "std": 0.031069563248225997,
      "min": 0.0177814102996365,
      "max": 0.14508294884901346,
      "median": 0.035060799522135346
    },
    "snr_db": {
      "mean": -1.474331404350556,
      "std": 0.5705710229202934,
      "min": -2.4537878979539327,
      "max": -0.37459785053888217,
      "median": -1.590797039597104
    },
    "sdr_db": {
      "mean": -1.4627099600437807,
      "std": 0.5651710724574197,
      "min": -2.4467271901074192,
      "max": -0.378282639347856,
      "median": -1.5852604376554107
    },
    "pesq": {
      "mean": 1.250856695175171,
      "std": 0.3003840661728316,
      "min": 1.0500730276107788,
      "max": 2.574024200439453,
      "median": 1.156907320022583
    },
    "stoi": {
      "mean": 0.18666865987241457,
      "std": 0.0843873116946819,
      "min": 0.01982227716495013,
      "max": 0.3646050434979173,
      "median": 0.17995921472637036
    },
    "estoi": {
      "mean": 0.11742335884627492,
      "std": 0.05396362923690688,
      "min": 0.012558730335981228,
      "max": 0.24514470142185332,
      "median": 0.11144066359420211
    }
  },
  "tokens_per_second": {
    "mean": 35.093121130030966,
    "std": 12.213375928490931
  },
  "compression_ratio": {
    "mean": 715.7782510301504,
    "std": 286.10234703125843
  }
}