{
  "language": "th_th",
  "dataset": "fleurs",
  "num_samples": 100,
  "num_failed": 0,
  "metrics": {
    "mse": {
      "mean": 0.013145788122712453,
      "std": 0.013119291818612315,
      "min": 0.0005746763161096035,
      "max": 0.06271084867816669,
      "median": 0.008030080510717724
    },
    "snr_db": {
      "mean": 0.663896402240651,
      "std": 4.735514917487617,
      "min": -16.108357420098564,
      "max": 8.483408923860798,
      "median": 2.1528237911834784
    },
    "sdr_db": {
      "mean": 0.6556322965262288,
      "std": 4.912788515263933,
      "min": -16.617841358184275,
      "max": 8.256442788686218,
      "median": 2.2191225606485387
    },
    "pesq": {
      "mean": 1.7393019306659698,
      "std": 0.37738423099388135,
      "min": 1.1252890825271606,
      "max": 2.8583173751831055,
      "median": 1.7117325067520142
    },
    "stoi": {
      "mean": 0.79361722634429,
      "std": 0.09637677140712655,
      "min": 0.5379926063683043,
      "max": 0.9273038947909419,
      "median": 0.8336248114532546
    },
    "estoi": {
      "mean": 0.6659657082940409,
      "std": 0.135887687814446,
      "min": 0.3552355399529641,
      "max": 0.8874633185242191,
      "median": 0.7050991510594538
    }
  },
  "tokens_per_second": {
    "mean": 54.90891745928869,
    "std": 7.979692444381509
  },
  "compression_ratio": {
    "mean": 297.9775043104209,
    "std": 46.273424165539126
  }
}