{
  "language": "ast_es",
  "dataset": "fleurs",
  "num_samples": 100,
  "num_failed": 0,
  "metrics": {
    "mse": {
      "mean": 0.006763111305964543,
      "std": 0.006038784682276594,
      "min": 0.0009888347532604844,
      "max": 0.02678860102672982,
      "median": 0.003880621500158439
    },
    "snr_db": {
      "mean": 4.3540011315956875,
      "std": 3.058286350118605,
      "min": -5.281818600658291,
      "max": 10.44155135285482,
      "median": 4.703757741189621
    },
    "sdr_db": {
      "mean": 4.35030248721847,
      "std": 3.1181989226572235,
      "min": -5.24865655246954,
      "max": 10.556757986331299,
      "median": 4.672032457903475
    },
    "pesq": {
      "mean": 2.1964181208610536,
      "std": 0.386083576464907,
      "min": 1.2990952730178833,
      "max": 2.863529682159424,
      "median": 2.2809756994247437
    },
    "stoi": {
      "mean": 0.870704110518783,
      "std": 0.07140837569486587,
      "min": 0.6281304190643298,
      "max": 0.9452800128661057,
      "median": 0.8975589215981362
    },
    "estoi": {
      "mean": 0.7542070937639328,
      "std": 0.1266083972938687,
      "min": 0.3807519052319018,
      "max": 0.9206079832788147,
      "median": 0.8014986007495039
    }
  },
  "tokens_per_second": {
    "mean": 62.72042079283279,
    "std": 11.48267783007128
  },
  "compression_ratio": {
    "mean": 264.6079434300893,
    "std": 53.5172058022484
  }
}