{
  "language": "disco",
  "dataset": "gtzan",
  "num_samples": 25,
  "num_failed": 0,
  "metrics": {
    "mse": {
      "mean": 0.055453835063122695,
      "std": 0.026484401944756274,
      "min": 0.02336678256332767,
      "max": 0.10349931339933334,
      "median": 0.04603881856976307
    },
    "snr_db": {
      "mean": -1.290324988950317,
      "std": 0.39302289365342735,
      "min": -2.295753609234959,
      "max": -0.6423776179978491,
      "median": -1.204972967607459
    },
    "sdr_db": {
      "mean": -1.263694573301802,
      "std": 0.38578293078515735,
      "min": -2.321604643600397,
      "max": -0.6428496934869652,
      "median": -1.1818226507585754
    },
    "pesq": {
      "mean": 1.104635763168335,
      "std": 0.04097288534797992,
      "min": 1.0350675582885742,
      "max": 1.253028392791748,
      "median": 1.0963101387023926
    },
    "stoi": {
      "mean": 0.2935038270100279,
      "std": 0.11579915196782761,
      "min": 0.11559309551051598,
      "max": 0.6029743716255008,
      "median": 0.2871454291302644
    },
    "estoi": {
      "mean": 0.16902249403785055,
      "std": 0.08398093056531664,
      "min": 0.04265059106592865,
      "max": 0.3824524741628236,
      "median": 0.15814319290386594
    }
  },
  "tokens_per_second": {
    "mean": 33.88833126165186,
    "std": 10.559287086554006
  },
  "compression_ratio": {
    "mean": 720.0309161997576,
    "std": 240.98606889182054
  }
}