{
  "language": "ca_es",
  "dataset": "fleurs",
  "num_samples": 100,
  "num_failed": 0,
  "metrics": {
    "mse": {
      "mean": 0.007121229080108553,
      "std": 0.005763282266903101,
      "min": 0.00125418155009397,
      "max": 0.029919813886006962,
      "median": 0.004802325235572026
    },
    "snr_db": {
      "mean": 3.5097686631219176,
      "std": 2.0549367789158515,
      "min": -1.8695821618641875,
      "max": 7.407946092213087,
      "median": 3.6790030311496116
    },
    "sdr_db": {
      "mean": 3.4440340501268127,
      "std": 2.134144503600597,
      "min": -2.4555828754926137,
      "max": 7.392520612908282,
      "median": 3.537046278662651
    },
    "pesq": {
      "mean": 2.0183802604675294,
      "std": 0.39510222198632233,
      "min": 1.2403781414031982,
      "max": 2.9269204139709473,
      "median": 1.9969919919967651
    },
    "stoi": {
      "mean": 0.8004859237553371,
      "std": 0.13945562989691423,
      "min": 0.41309776675847687,
      "max": 0.9425755728279763,
      "median": 0.8462807909332477
    },
    "estoi": {
      "mean": 0.675347426420315,
      "std": 0.15884913746657528,
      "min": 0.2985718590209427,
      "max": 0.8981726355801815,
      "median": 0.6908561847904151
    }
  },
  "tokens_per_second": {
    "mean": 59.7332123564873,
    "std": 10.46969547307954
  },
  "compression_ratio": {
    "mean": 276.6057363045409,
    "std": 51.74561107690968
  }
}