{
  "language": "ka_ge",
  "dataset": "fleurs",
  "num_samples": 100,
  "num_failed": 0,
  "metrics": {
    "mse": {
      "mean": 0.008457060214805974,
      "std": 0.010799312673112564,
      "min": 0.00197328918887431,
      "max": 0.08279823541962665,
      "median": 0.004471836527115636
    },
    "snr_db": {
      "mean": 4.160374529196629,
      "std": 2.6516586490294336,
      "min": -7.971793722645852,
      "max": 8.744602728297114,
      "median": 4.806902637037064
    },
    "sdr_db": {
      "mean": 4.034709790053038,
      "std": 2.5330551329976045,
      "min": -7.671749698610985,
      "max": 8.950941764921573,
      "median": 4.527578318512425
    },
    "pesq": {
      "mean": 1.9402843356132506,
      "std": 0.3409142071556514,
      "min": 1.0330156087875366,
      "max": 2.5580596923828125,
      "median": 2.0018969774246216
    },
    "stoi": {
      "mean": 0.8385225138923412,
      "std": 0.10251484650978106,
      "min": 0.5367720911503419,
      "max": 0.9368646963363765,
      "median": 0.8983624948636851
    },
    "estoi": {
      "mean": 0.7214695812107895,
      "std": 0.14667517658326323,
      "min": 0.38138481234756044,
      "max": 0.8901831120361998,
      "median": 0.8002722294497271
    }
  },
  "tokens_per_second": {
    "mean": 64.67587688604354,
    "std": 7.77989027217139
  },
  "compression_ratio": {
    "mean": 250.92650494358037,
    "std": 30.235622840842364
  }
}