{
  "language": "es_419",
  "dataset": "fleurs",
  "num_samples": 100,
  "num_failed": 0,
  "metrics": {
    "mse": {
      "mean": 0.022428949978785053,
      "std": 0.04309601842287877,
      "min": 0.0004929381939946394,
      "max": 0.13251927970469637,
      "median": 0.0042869028443451845
    },
    "snr_db": {
      "mean": 4.0041733269641,
      "std": 2.641927066243799,
      "min": -3.596099165520309,
      "max": 8.046868248646351,
      "median": 4.688039402088937
    },
    "sdr_db": {
      "mean": 4.07543821737433,
      "std": 2.6213354066986985,
      "min": -3.225242576232705,
      "max": 8.152245574491031,
      "median": 4.687547432835667
    },
    "pesq": {
      "mean": 2.3543293821811675,
      "std": 0.6231457789487947,
      "min": 1.0178014039993286,
      "max": 4.506587028503418,
      "median": 2.533806324005127
    },
    "stoi": {
      "mean": 0.7665036130864997,
      "std": 0.3165838395687737,
      "min": -0.01563479237485144,
      "max": 0.9579933945218269,
      "median": 0.9178171550451716
    },
    "estoi": {
      "mean": 0.6873314387077915,
      "std": 0.29554746441612445,
      "min": -0.01663744049836973,
      "max": 0.9012479622306935,
      "median": 0.8337793114760721
    }
  },
  "tokens_per_second": {
    "mean": 62.418979906897455,
    "std": 20.625290098466905
  },
  "compression_ratio": {
    "mean": 352.0082167513456,
    "std": 300.67151634573685
  }
}