{
  "language": "jazz",
  "dataset": "gtzan",
  "num_samples": 25,
  "num_failed": 0,
  "metrics": {
    "mse": {
      "mean": 0.01983721852108754,
      "std": 0.009685765417459084,
      "min": 0.0077504651775632165,
      "max": 0.04286425496368646,
      "median": 0.016004227079976258
    },
    "snr_db": {
      "mean": -1.029232689256839,
      "std": 0.5460499746426534,
      "min": -2.6164050122365534,
      "max": -0.30251339430087376,
      "median": -0.936110308785113
    },
    "sdr_db": {
      "mean": -0.985752023652082,
      "std": 0.49037588840008706,
      "min": -2.1613513732940137,
      "max": -0.2712051672735866,
      "median": -0.9248183090149951
    },
    "pesq": {
      "mean": 1.0936034631729126,
      "std": 0.047462145002256956,
      "min": 1.0220947265625,
      "max": 1.1778359413146973,
      "median": 1.0808866024017334
    },
    "stoi": {
      "mean": 0.1631758468503063,
      "std": 0.06539457448486681,
      "min": 0.06478615451598022,
      "max": 0.30896891372838203,
      "median": 0.16013708609879576
    },
    "estoi": {
      "mean": 0.0574213904709289,
      "std": 0.026114435028174027,
      "min": 0.01700267204250342,
      "max": 0.11031243618658837,
      "median": 0.05777064459610094
    }
  },
  "tokens_per_second": {
    "mean": 14.44691248334074,
    "std": 2.6909489750242117
  },
  "compression_ratio": {
    "mean": 1562.7368972534177,
    "std": 199.4157284472821
  }
}