{
  "language": "bn_in",
  "dataset": "fleurs",
  "num_samples": 100,
  "num_failed": 0,
  "metrics": {
    "mse": {
      "mean": 0.0072296023159287345,
      "std": 0.004054046914427584,
      "min": 0.0013420932091913072,
      "max": 0.025396809557296438,
      "median": 0.006393930874971655
    },
    "snr_db": {
      "mean": 3.350020033076502,
      "std": 2.29908072397036,
      "min": -1.752677135098189,
      "max": 8.504878143196104,
      "median": 3.382088697648421
    },
    "sdr_db": {
      "mean": 3.4429415500107803,
      "std": 2.3542357116713544,
      "min": -1.7452745662707005,
      "max": 8.719693383583904,
      "median": 3.5084754932483735
    },
    "pesq": {
      "mean": 1.7768785083293914,
      "std": 0.33721448995589715,
      "min": 1.0691274404525757,
      "max": 2.4265503883361816,
      "median": 1.787456452846527
    },
    "stoi": {
      "mean": 0.7561932617890441,
      "std": 0.09374819846168259,
      "min": 0.4591593872765005,
      "max": 0.9319541154373086,
      "median": 0.7576537944644239
    },
    "estoi": {
      "mean": 0.5871397876853938,
      "std": 0.12254973053788121,
      "min": 0.24661298012946262,
      "max": 0.8490089771638442,
      "median": 0.6066968917653053
    }
  },
  "tokens_per_second": {
    "mean": 58.93953325424327,
    "std": 8.225998117092535
  },
  "compression_ratio": {
    "mean": 277.52731981288474,
    "std": 44.40044591989516
  }
}