{
  "language": "hu_hu",
  "dataset": "fleurs",
  "num_samples": 100,
  "num_failed": 0,
  "metrics": {
    "mse": {
      "mean": 0.005391293387973819,
      "std": 0.002816704775835477,
      "min": 0.001170693530183527,
      "max": 0.01804705175651223,
      "median": 0.004666685979717322
    },
    "snr_db": {
      "mean": 3.4288354624840816,
      "std": 1.7829558483395034,
      "min": -1.1244190023028435,
      "max": 6.995776577538165,
      "median": 3.633794854986789
    },
    "sdr_db": {
      "mean": 3.4557169317267444,
      "std": 1.84645937605383,
      "min": -1.8007621115720014,
      "max": 7.311450046775859,
      "median": 3.664473102100229
    },
    "pesq": {
      "mean": 2.089876136779785,
      "std": 0.3308820178322291,
      "min": 1.1391074657440186,
      "max": 2.820596694946289,
      "median": 2.0947699546813965
    },
    "stoi": {
      "mean": 0.7625247991300838,
      "std": 0.13415483043959925,
      "min": 0.4794877006932637,
      "max": 0.9347615535679894,
      "median": 0.7655399112766517
    },
    "estoi": {
      "mean": 0.617168101031791,
      "std": 0.16976713081203737,
      "min": 0.31465994205870834,
      "max": 0.8641523811179039,
      "median": 0.6205495971841717
    }
  },
  "tokens_per_second": {
    "mean": 66.99910567775596,
    "std": 10.08852212118824
  },
  "compression_ratio": {
    "mean": 244.82647048422183,
    "std": 41.21742763766925
  }
}