{
  "language": "nl_nl",
  "dataset": "fleurs",
  "num_samples": 100,
  "num_failed": 0,
  "metrics": {
    "mse": {
      "mean": 0.005564173265933448,
      "std": 0.004254677726944322,
      "min": 0.0011467706714575051,
      "max": 0.02587488439345072,
      "median": 0.004009259071245245
    },
    "snr_db": {
      "mean": 4.297685520059918,
      "std": 2.215810166575364,
      "min": -0.6167818452958453,
      "max": 8.515912157748868,
      "median": 5.064324245612397
    },
    "sdr_db": {
      "mean": 4.37699443847298,
      "std": 2.159071803213876,
      "min": -0.5294432026001921,
      "max": 8.426457247361709,
      "median": 5.138155958538105
    },
    "pesq": {
      "mean": 2.2132773852348326,
      "std": 0.31544594221936445,
      "min": 1.3312180042266846,
      "max": 2.9136295318603516,
      "median": 2.234715700149536
    },
    "stoi": {
      "mean": 0.8360182376544784,
      "std": 0.08093431436023725,
      "min": 0.6164232667261104,
      "max": 0.9426868293596192,
      "median": 0.8651692649218955
    },
    "estoi": {
      "mean": 0.7095523280198803,
      "std": 0.11316876063612623,
      "min": 0.42629689986127,
      "max": 0.8726483129526598,
      "median": 0.751847299310979
    }
  },
  "tokens_per_second": {
    "mean": 69.76213995974398,
    "std": 8.284047794377916
  },
  "compression_ratio": {
    "mean": 232.874979579231,
    "std": 29.959357655350942
  }
}