{
  "language": "af_za",
  "dataset": "fleurs",
  "num_samples": 100,
  "num_failed": 0,
  "metrics": {
    "mse": {
      "mean": 0.0068051893285855395,
      "std": 0.0036334810910090896,
      "min": 0.00036708707442455993,
      "max": 0.014677422414277067,
      "median": 0.006675472750121963
    },
    "snr_db": {
      "mean": 3.905893935149356,
      "std": 2.109296750872234,
      "min": -3.7925855767861916,
      "max": 9.182423100479346,
      "median": 3.6971050281429276
    },
    "sdr_db": {
      "mean": 3.848830905851719,
      "std": 2.1648946362518386,
      "min": -6.570555921487484,
      "max": 8.042542637193604,
      "median": 3.629824550005132
    },
    "pesq": {
      "mean": 1.9608285999298096,
      "std": 0.4245239008205521,
      "min": 1.2610735893249512,
      "max": 2.9390950202941895,
      "median": 1.793392837047577
    },
    "stoi": {
      "mean": 0.7575788728718602,
      "std": 0.11183698532574747,
      "min": 0.4856796517823236,
      "max": 0.9345130707376667,
      "median": 0.7485828264338188
    },
    "estoi": {
      "mean": 0.6227048985602699,
      "std": 0.15195537381593427,
      "min": 0.28961073181794983,
      "max": 0.8681846336656874,
      "median": 0.578464820032861
    }
  },
  "tokens_per_second": {
    "mean": 55.34490677286846,
    "std": 8.736145637531179
  },
  "compression_ratio": {
    "mean": 297.1697043843655,
    "std": 52.477467836722184
  }
}