{
  "language": "sw_ke",
  "dataset": "fleurs",
  "num_samples": 100,
  "num_failed": 0,
  "metrics": {
    "mse": {
      "mean": 0.008640968924517116,
      "std": 0.007858655291973956,
      "min": 0.001531583689032535,
      "max": 0.04877931532976764,
      "median": 0.00614598440268912
    },
    "snr_db": {
      "mean": 2.033651880359253,
      "std": 3.155473433426535,
      "min": -8.830887352234809,
      "max": 6.451261882988063,
      "median": 2.8097157211235344
    },
    "sdr_db": {
      "mean": 2.0222028941373607,
      "std": 3.2334943742840805,
      "min": -9.86266963568457,
      "max": 6.662140208283777,
      "median": 2.7678064116783148
    },
    "pesq": {
      "mean": 1.8208552718162536,
      "std": 0.3485775734813061,
      "min": 1.172454595565796,
      "max": 2.577927589416504,
      "median": 1.830268681049347
    },
    "stoi": {
      "mean": 0.7623826324789209,
      "std": 0.11133938779536814,
      "min": 0.26159269870612645,
      "max": 0.9012866327753242,
      "median": 0.7804008209143767
    },
    "estoi": {
      "mean": 0.6146498433532209,
      "std": 0.14197998875318601,
      "min": 0.1937928309392706,
      "max": 0.8461574977633496,
      "median": 0.606106471601443
    }
  },
  "tokens_per_second": {
    "mean": 49.65322325627884,
    "std": 10.324754467492644
  },
  "compression_ratio": {
    "mean": 336.532325576079,
    "std": 70.82785643224655
  }
}