{
  "language": "pop",
  "dataset": "gtzan",
  "num_samples": 25,
  "num_failed": 0,
  "metrics": {
    "mse": {
      "mean": 0.05859468054427152,
      "std": 0.018998893959297877,
      "min": 0.019417151203458473,
      "max": 0.10207604922618532,
      "median": 0.05959111163458307
    },
    "snr_db": {
      "mean": -1.428959661637971,
      "std": 0.4511808894844593,
      "min": -2.4406586236487993,
      "max": -0.41605527647335466,
      "median": -1.3813848168866176
    },
    "sdr_db": {
      "mean": -1.4118323583060013,
      "std": 0.4491215097079777,
      "min": -2.5087330328824344,
      "max": -0.4010989023947028,
      "median": -1.4166484775070491
    },
    "pesq": {
      "mean": 1.0979812812805176,
      "std": 0.03746995747957705,
      "min": 1.0505894422531128,
      "max": 1.192432165145874,
      "median": 1.090511441230774
    },
    "stoi": {
      "mean": 0.2653376063515248,
      "std": 0.08802909916028316,
      "min": 0.08921561975847318,
      "max": 0.4277078721752809,
      "median": 0.2506045889760119
    },
    "estoi": {
      "mean": 0.14194444222258742,
      "std": 0.05446760588147245,
      "min": 0.03054070635711788,
      "max": 0.2509312457680753,
      "median": 0.13129507992034517
    }
  },
  "tokens_per_second": {
    "mean": 28.927825077399383,
    "std": 7.540963351888477
  },
  "compression_ratio": {
    "mean": 822.4445116209072,
    "std": 241.31265592564785
  }
}