{
  "language": "en_us",
  "dataset": "fleurs",
  "num_samples": 100,
  "num_failed": 0,
  "metrics": {
    "mse": {
      "mean": 0.006513629152508904,
      "std": 0.00542273369302951,
      "min": 0.0014560846670421779,
      "max": 0.034691131521255025,
      "median": 0.004429301477798851
    },
    "snr_db": {
      "mean": 2.6588538899995053,
      "std": 3.350180761290042,
      "min": -9.463537279630357,
      "max": 7.4114105206253145,
      "median": 3.22233870660126
    },
    "sdr_db": {
      "mean": 2.6527488197780427,
      "std": 3.5361770099930103,
      "min": -10.9096692382995,
      "max": 7.542134284275446,
      "median": 3.477099213412523
    },
    "pesq": {
      "mean": 2.028019218444824,
      "std": 0.42178330591115165,
      "min": 1.1279873847961426,
      "max": 2.7611000537872314,
      "median": 2.140254855155945
    },
    "stoi": {
      "mean": 0.8289344591077722,
      "std": 0.09651134175019942,
      "min": 0.5453216646476591,
      "max": 0.9415784130006735,
      "median": 0.8639666028233692
    },
    "estoi": {
      "mean": 0.6940313798240969,
      "std": 0.1300352709280788,
      "min": 0.3933998405541013,
      "max": 0.881239741326234,
      "median": 0.740102756623233
    }
  },
  "tokens_per_second": {
    "mean": 57.98596172891339,
    "std": 9.385139520771013
  },
  "compression_ratio": {
    "mean": 284.76190729988974,
    "std": 56.65696128532356
  }
}