{
  "language": "vi_vn",
  "dataset": "fleurs",
  "num_samples": 100,
  "num_failed": 0,
  "metrics": {
    "mse": {
      "mean": 0.006528575730119601,
      "std": 0.004364369655482814,
      "min": 0.0011893046179180897,
      "max": 0.026236917274403044,
      "median": 0.005276314614022193
    },
    "snr_db": {
      "mean": 1.2358099451758557,
      "std": 2.0444091512602998,
      "min": -4.26220536834295,
      "max": 6.347754257096545,
      "median": 1.2005675856664677
    },
    "sdr_db": {
      "mean": 0.8708229216127547,
      "std": 2.9210401727454376,
      "min": -8.105591089107383,
      "max": 6.309657136351481,
      "median": 1.256845617618347
    },
    "pesq": {
      "mean": 1.8335982191562652,
      "std": 0.25632932656363744,
      "min": 1.170350193977356,
      "max": 2.6529457569122314,
      "median": 1.8183128833770752
    },
    "stoi": {
      "mean": 0.8313170888076169,
      "std": 0.07347918664374685,
      "min": 0.48653139974691617,
      "max": 0.9237042926313445,
      "median": 0.8476569100792903
    },
    "estoi": {
      "mean": 0.7221305344025377,
      "std": 0.09859771000655018,
      "min": 0.3349212637026433,
      "max": 0.8736957728110056,
      "median": 0.7398964961555174
    }
  },
  "tokens_per_second": {
    "mean": 49.75177845217914,
    "std": 8.26647948177236
  },
  "compression_ratio": {
    "mean": 330.0856444047232,
    "std": 53.08669411144027
  }
}