{
  "language": "te_in",
  "dataset": "fleurs",
  "num_samples": 100,
  "num_failed": 0,
  "metrics": {
    "mse": {
      "mean": 0.010945790588894331,
      "std": 0.007330543307412017,
      "min": 0.001876990895094154,
      "max": 0.04318720154511456,
      "median": 0.009045970294692611
    },
    "snr_db": {
      "mean": 2.9064552934080057,
      "std": 2.3787398417664267,
      "min": -5.701791564780593,
      "max": 7.7942620653925285,
      "median": 3.298348348540925
    },
    "sdr_db": {
      "mean": 3.015078244133733,
      "std": 2.355238827563296,
      "min": -5.626317503331831,
      "max": 7.722211266985722,
      "median": 3.3485675062394575
    },
    "pesq": {
      "mean": 1.8223043334484101,
      "std": 0.33716351515503623,
      "min": 1.1759196519851685,
      "max": 2.95066237449646,
      "median": 1.8245303630828857
    },
    "stoi": {
      "mean": 0.7365963493251891,
      "std": 0.1344439941003752,
      "min": 0.2359248042803786,
      "max": 0.9220471669581293,
      "median": 0.7605473266856585
    },
    "estoi": {
      "mean": 0.5989607107185019,
      "std": 0.15589135400460286,
      "min": 0.1492687286357269,
      "max": 0.8757340564726009,
      "median": 0.6148751235787883
    }
  },
  "tokens_per_second": {
    "mean": 59.21911255232694,
    "std": 10.781778549831701
  },
  "compression_ratio": {
    "mean": 280.9106947517296,
    "std": 60.60044202148302
  }
}