{
  "language": "ar_eg",
  "dataset": "fleurs",
  "num_samples": 100,
  "num_failed": 0,
  "metrics": {
    "mse": {
      "mean": 0.006078662602133839,
      "std": 0.0034067807906619065,
      "min": 0.001431054309967082,
      "max": 0.021252149986669088,
      "median": 0.0052883372439078286
    },
    "snr_db": {
      "mean": 3.772761212416503,
      "std": 2.2414423009694193,
      "min": -3.319711261729768,
      "max": 7.999480348999995,
      "median": 4.115744064334093
    },
    "sdr_db": {
      "mean": 3.8692133262219413,
      "std": 2.262246447352683,
      "min": -3.4513928764484585,
      "max": 8.002748731272854,
      "median": 4.064153939737873
    },
    "pesq": {
      "mean": 2.164076384305954,
      "std": 0.3754321349805216,
      "min": 1.4016406536102295,
      "max": 2.9660301208496094,
      "median": 2.1719088554382324
    },
    "stoi": {
      "mean": 0.8589942485789348,
      "std": 0.053021602893500774,
      "min": 0.6463706837227471,
      "max": 0.9477180963281314,
      "median": 0.8720295197951147
    },
    "estoi": {
      "mean": 0.7497425621638777,
      "std": 0.08602673795878744,
      "min": 0.4920194234312021,
      "max": 0.9129123104270589,
      "median": 0.765607591910671
    }
  },
  "tokens_per_second": {
    "mean": 69.72621223728466,
    "std": 8.570724761943524
  },
  "compression_ratio": {
    "mean": 233.15583544737453,
    "std": 30.411887254756323
  }
}