{
  "language": "ga_ie",
  "dataset": "fleurs",
  "num_samples": 100,
  "num_failed": 0,
  "metrics": {
    "mse": {
      "mean": 0.008072933429233174,
      "std": 0.004408927472008412,
      "min": 0.0010709866544718859,
      "max": 0.01987456150762894,
      "median": 0.007323787536900891
    },
    "snr_db": {
      "mean": 1.6162514844600537,
      "std": 1.638060201897212,
      "min": -1.379778354721608,
      "max": 6.307961101744567,
      "median": 1.6934864786337005
    },
    "sdr_db": {
      "mean": 1.8000412195272322,
      "std": 1.6458877826411973,
      "min": -4.591522985003079,
      "max": 5.2697966786526385,
      "median": 1.8883813608155582
    },
    "pesq": {
      "mean": 1.8106489706039428,
      "std": 0.3556041315645184,
      "min": 1.2628737688064575,
      "max": 2.4294681549072266,
      "median": 1.7466967701911926
    },
    "stoi": {
      "mean": 0.800513025925044,
      "std": 0.07823152126247221,
      "min": 0.5621929843995522,
      "max": 0.9067292122782428,
      "median": 0.8039650779812235
    },
    "estoi": {
      "mean": 0.6602467095290365,
      "std": 0.10656839018825118,
      "min": 0.37097640892556427,
      "max": 0.8188144375781014,
      "median": 0.654974414479039
    }
  },
  "tokens_per_second": {
    "mean": 48.139851832832846,
    "std": 8.3591727137745
  },
  "compression_ratio": {
    "mean": 343.41477238741317,
    "std": 65.66567827851541
  }
}