{
  "language": "hy_am",
  "dataset": "fleurs",
  "num_samples": 100,
  "num_failed": 0,
  "metrics": {
    "mse": {
      "mean": 0.009671691399562221,
      "std": 0.007485589797267967,
      "min": 0.001656632222871567,
      "max": 0.03489958518341034,
      "median": 0.006939011142751118
    },
    "snr_db": {
      "mean": 2.9158671027414607,
      "std": 2.7592704844698903,
      "min": -3.288712437294751,
      "max": 7.796179002625672,
      "median": 2.9422981981607492
    },
    "sdr_db": {
      "mean": 2.974178023678311,
      "std": 2.753975326592809,
      "min": -3.092644268284171,
      "max": 7.9068087722953235,
      "median": 2.863065120243872
    },
    "pesq": {
      "mean": 1.9712354469299316,
      "std": 0.43989900170789187,
      "min": 1.1629716157913208,
      "max": 2.812938928604126,
      "median": 2.0849188566207886
    },
    "stoi": {
      "mean": 0.7701489390093396,
      "std": 0.1635815747397738,
      "min": 0.3793995051151279,
      "max": 0.9354711116456319,
      "median": 0.8328025216958743
    },
    "estoi": {
      "mean": 0.6336339747700798,
      "std": 0.17757484512509164,
      "min": 0.2273072990636292,
      "max": 0.865083775521678,
      "median": 0.6805773749714266
    }
  },
  "tokens_per_second": {
    "mean": 65.10142414462496,
    "std": 11.371989856408184
  },
  "compression_ratio": {
    "mean": 254.03236953966746,
    "std": 48.424601353783544
  }
}