{
  "language": "NatureLM",
  "dataset": "naturelm",
  "num_samples": 100,
  "num_failed": 0,
  "metrics": {
    "mse": {
      "mean": 0.1293347000975868,
      "std": 0.2234996064317293,
      "min": 0.0017688809940698128,
      "max": 0.9292618556210221,
      "median": 0.037586925133177976
    },
    "snr_db": {
      "mean": -0.8034861155456575,
      "std": 1.3758053846061333,
      "min": -4.755910630690482,
      "max": 4.137958933155932,
      "median": -0.6739790506766317
    },
    "sdr_db": {
      "mean": NaN,
      "std": NaN,
      "min": NaN,
      "max": NaN,
      "median": NaN
    },
    "pesq": {
      "mean": 1.3309593616529953,
      "std": 0.3927172625534472,
      "min": 1.0408899784088135,
      "max": 3.009126901626587,
      "median": 1.1545385718345642
    },
    "stoi": {
      "mean": 0.23947657741540468,
      "std": 0.27593768243390265,
      "min": -0.001762588727280624,
      "max": 0.9003252784151204,
      "median": 0.12920658811051167
    },
    "estoi": {
      "mean": 0.12905248498307714,
      "std": 0.20201482285041672,
      "min": -0.02532885070195532,
      "max": 0.7752074849041284,
      "median": 0.02942916336604397
    }
  },
  "tokens_per_second": {
    "mean": 29.98561652858413,
    "std": 26.847909793172295
  },
  "compression_ratio": {
    "mean": 851.4299000684741,
    "std": 390.5960053653112
  }
}