{
  "language": "yue_hant_hk",
  "dataset": "fleurs",
  "num_samples": 100,
  "num_failed": 0,
  "metrics": {
    "mse": {
      "mean": 0.009229488931450303,
      "std": 0.004647485025795399,
      "min": 0.0010329802754644884,
      "max": 0.02600470037401859,
      "median": 0.008390642131206862
    },
    "snr_db": {
      "mean": 0.3997363032256213,
      "std": 2.048814813931371,
      "min": -5.846461919738301,
      "max": 5.8238021940685165,
      "median": 0.6762982502317906
    },
    "sdr_db": {
      "mean": 0.3507438016697291,
      "std": 2.175213199710741,
      "min": -7.025189268596968,
      "max": 5.936230921348335,
      "median": 0.6352979090111068
    },
    "pesq": {
      "mean": 1.3979771471023559,
      "std": 0.24866458034715297,
      "min": 1.0233898162841797,
      "max": 2.0392777919769287,
      "median": 1.3792549967765808
    },
    "stoi": {
      "mean": 0.651623355078746,
      "std": 0.08875308436289006,
      "min": 0.4310600846733556,
      "max": 0.8383384915892196,
      "median": 0.6512646744518996
    },
    "estoi": {
      "mean": 0.46253437201369807,
      "std": 0.09479747305813017,
      "min": 0.26022061329705015,
      "max": 0.7505159707914256,
      "median": 0.45747577044929316
    }
  },
  "tokens_per_second": {
    "mean": 41.145106651799885,
    "std": 9.239283982738565
  },
  "compression_ratio": {
    "mean": 409.31930893944684,
    "std": 95.50516339224335
  }
}