{
  "language": "classical",
  "dataset": "gtzan",
  "num_samples": 25,
  "num_failed": 0,
  "metrics": {
    "mse": {
      "mean": 0.02066842717853314,
      "std": 0.009736762210278192,
      "min": 0.005002954834873177,
      "max": 0.04456422012641798,
      "median": 0.01818323255657414
    },
    "snr_db": {
      "mean": -0.6869923582041544,
      "std": 0.42867156686508384,
      "min": -2.473405300809051,
      "max": -0.16661894890040113,
      "median": -0.5622004876839166
    },
    "sdr_db": {
      "mean": -0.6251121840386386,
      "std": 0.4112420386335438,
      "min": -2.3106414770905377,
      "max": -0.08841680874254666,
      "median": -0.5386672015210775
    },
    "pesq": {
      "mean": 1.101642026901245,
      "std": 0.04459329545320072,
      "min": 1.0317449569702148,
      "max": 1.1922392845153809,
      "median": 1.0970685482025146
    },
    "stoi": {
      "mean": 0.11026310326187055,
      "std": 0.025356528851564687,
      "min": 0.06980012172150964,
      "max": 0.19502336136657467,
      "median": 0.1105059228554916
    },
    "estoi": {
      "mean": 0.04093908881659024,
      "std": 0.014977248763171169,
      "min": 0.013546317090001644,
      "max": 0.0827339904098305,
      "median": 0.03869721301107232
    }
  },
  "tokens_per_second": {
    "mean": 13.828520657485562,
    "std": 2.988498677851202
  },
  "compression_ratio": {
    "mean": 1633.9458781656547,
    "std": 185.2007345055048
  }
}