{
  "language": "reggae",
  "dataset": "gtzan",
  "num_samples": 25,
  "num_failed": 0,
  "metrics": {
    "mse": {
      "mean": 0.02936315591875984,
      "std": 0.010608287606523551,
      "min": 0.013735549553358114,
      "max": 0.05779167638878845,
      "median": 0.027448484071114616
    },
    "snr_db": {
      "mean": -1.3983396764356006,
      "std": 0.5475075433038887,
      "min": -3.1830663474665286,
      "max": -0.5477211271280805,
      "median": -1.3695078752943333
    },
    "sdr_db": {
      "mean": -1.3919643687509904,
      "std": 0.5356851538019504,
      "min": -3.158326666049355,
      "max": -0.6494448297045264,
      "median": -1.3292298149356658
    },
    "pesq": {
      "mean": 1.065143027305603,
      "std": 0.03280210547576619,
      "min": 1.0286096334457397,
      "max": 1.1897668838500977,
      "median": 1.055052399635315
    },
    "stoi": {
      "mean": 0.3622560328839284,
      "std": 0.08771248222703588,
      "min": 0.09921356309677937,
      "max": 0.4887524413780783,
      "median": 0.37359021187152425
    },
    "estoi": {
      "mean": 0.1852479887531789,
      "std": 0.0563018703811359,
      "min": 0.03599493522826108,
      "max": 0.2884111144120974,
      "median": 0.18436017692043466
    }
  },
  "tokens_per_second": {
    "mean": 29.277654375832963,
    "std": 5.790752147487173
  },
  "compression_ratio": {
    "mean": 790.6080695061532,
    "std": 200.37712859921606
  }
}