{
  "language": "ko_kr",
  "dataset": "fleurs",
  "num_samples": 100,
  "num_failed": 0,
  "metrics": {
    "mse": {
      "mean": 0.007337027422156973,
      "std": 0.0038965009093774104,
      "min": 0.0005607631745923038,
      "max": 0.021091051590015907,
      "median": 0.006165151671523298
    },
    "snr_db": {
      "mean": 2.8922478399280847,
      "std": 3.6618123644332248,
      "min": -13.287986450538396,
      "max": 8.860919685745912,
      "median": 3.638436303086121
    },
    "sdr_db": {
      "mean": 2.662255374009407,
      "std": 4.236352044630446,
      "min": -16.291748064917776,
      "max": 8.740401085082993,
      "median": 3.5239308437405477
    },
    "pesq": {
      "mean": 1.9478279566764831,
      "std": 0.35065771788979994,
      "min": 1.2799088954925537,
      "max": 2.8701987266540527,
      "median": 1.9167777299880981
    },
    "stoi": {
      "mean": 0.7619551446393998,
      "std": 0.13177810209387336,
      "min": 0.38558344892477403,
      "max": 0.9311010588698903,
      "median": 0.7927967929363419
    },
    "estoi": {
      "mean": 0.651045707402862,
      "std": 0.15200081789571135,
      "min": 0.288871790399954,
      "max": 0.8530602970388498,
      "median": 0.655006841968331
    }
  },
  "tokens_per_second": {
    "mean": 49.72859938288223,
    "std": 7.373989864265317
  },
  "compression_ratio": {
    "mean": 328.8676221100067,
    "std": 48.87373284386896
  }
}