{
  "language": "ta_in",
  "dataset": "fleurs",
  "num_samples": 100,
  "num_failed": 0,
  "metrics": {
    "mse": {
      "mean": 0.00838024003442419,
      "std": 0.0071435919071190426,
      "min": 0.0008644773745251168,
      "max": 0.051744148040675696,
      "median": 0.0070908286380515296
    },
    "snr_db": {
      "mean": 4.389399524046599,
      "std": 2.7834164181396877,
      "min": -12.631709286149269,
      "max": 8.969709489316827,
      "median": 4.890792672893671
    },
    "sdr_db": {
      "mean": 4.522547493051299,
      "std": 2.768097486645682,
      "min": -12.327947406832935,
      "max": 9.000071273872912,
      "median": 4.940712978805006
    },
    "pesq": {
      "mean": 2.1129493844509124,
      "std": 0.37496130871661126,
      "min": 1.0337847471237183,
      "max": 2.8073136806488037,
      "median": 2.144163966178894
    },
    "stoi": {
      "mean": 0.8264697902578277,
      "std": 0.10863717188838111,
      "min": 0.4179279935097142,
      "max": 0.9255435552852974,
      "median": 0.8653003063134365
    },
    "estoi": {
      "mean": 0.7080581448323916,
      "std": 0.13196498020197373,
      "min": 0.32698642955379986,
      "max": 0.8602888771761303,
      "median": 0.7594365805669347
    }
  },
  "tokens_per_second": {
    "mean": 64.39508078789204,
    "std": 11.351627608444884
  },
  "compression_ratio": {
    "mean": 257.6166935251459,
    "std": 54.532573744588504
  }
}