{
  "language": "hi_in",
  "dataset": "fleurs",
  "num_samples": 100,
  "num_failed": 0,
  "metrics": {
    "mse": {
      "mean": 0.007520166374853953,
      "std": 0.005205325679807521,
      "min": 0.0016900022660076427,
      "max": 0.023436346973557065,
      "median": 0.005766487386095505
    },
    "snr_db": {
      "mean": 3.3099300543247936,
      "std": 1.944052137900038,
      "min": -0.9362028052780436,
      "max": 7.634344514163168,
      "median": 3.2413639431623786
    },
    "sdr_db": {
      "mean": 3.382266735903674,
      "std": 1.9737085427277192,
      "min": -1.0072029470774566,
      "max": 7.940782120593435,
      "median": 3.361845003583029
    },
    "pesq": {
      "mean": 1.985326714515686,
      "std": 0.3564794602288539,
      "min": 1.213005542755127,
      "max": 2.6355841159820557,
      "median": 1.945779025554657
    },
    "stoi": {
      "mean": 0.7829025274802851,
      "std": 0.08811616017827006,
      "min": 0.5623484866460055,
      "max": 0.9230627938613638,
      "median": 0.7765853034936661
    },
    "estoi": {
      "mean": 0.6130216765280984,
      "std": 0.12621073564343357,
      "min": 0.35729816126960273,
      "max": 0.8396518405981493,
      "median": 0.6200378076986153
    }
  },
  "tokens_per_second": {
    "mean": 59.969601889707846,
    "std": 9.261027070119908
  },
  "compression_ratio": {
    "mean": 273.74129888459925,
    "std": 45.93409805257891
  }
}