{
  "language": "id_id",
  "dataset": "fleurs",
  "num_samples": 100,
  "num_failed": 0,
  "metrics": {
    "mse": {
      "mean": 0.008216471272279868,
      "std": 0.005202871802819987,
      "min": 0.00219088662680873,
      "max": 0.02376915318207486,
      "median": 0.006363891686195253
    },
    "snr_db": {
      "mean": 3.576066538425943,
      "std": 1.7519330330277532,
      "min": -1.515244669617768,
      "max": 7.498529200377301,
      "median": 3.9153731825838993
    },
    "sdr_db": {
      "mean": 3.652163807800298,
      "std": 1.7804133071644184,
      "min": -1.5354070214035656,
      "max": 7.474074933111878,
      "median": 4.006970255153561
    },
    "pesq": {
      "mean": 1.9346182346343994,
      "std": 0.33787883084619236,
      "min": 1.2120112180709839,
      "max": 2.830543279647827,
      "median": 1.9743013381958008
    },
    "stoi": {
      "mean": 0.7726572693076394,
      "std": 0.10718272558691629,
      "min": 0.48181378482159015,
      "max": 0.9292104825432717,
      "median": 0.7947530359243067
    },
    "estoi": {
      "mean": 0.6224637846238634,
      "std": 0.13081158840682391,
      "min": 0.2490325036433762,
      "max": 0.8442642605351353,
      "median": 0.645262049415636
    }
  },
  "tokens_per_second": {
    "mean": 58.0204309448869,
    "std": 8.838323216758257
  },
  "compression_ratio": {
    "mean": 282.3788785477201,
    "std": 44.448927051915845
  }
}