{
  "language": "gl_es",
  "dataset": "fleurs",
  "num_samples": 100,
  "num_failed": 0,
  "metrics": {
    "mse": {
      "mean": 0.003833071789516354,
      "std": 0.0016424304887493113,
      "min": 0.0013162477645679242,
      "max": 0.009119780057060762,
      "median": 0.0036633095671884486
    },
    "snr_db": {
      "mean": 5.288770270512461,
      "std": 1.7432514020060237,
      "min": 1.555203382052726,
      "max": 8.684208899719778,
      "median": 5.616725529931399
    },
    "sdr_db": {
      "mean": 5.279323901743663,
      "std": 1.7459336644739454,
      "min": 1.621015147621516,
      "max": 8.9121570503712,
      "median": 5.460489585767487
    },
    "pesq": {
      "mean": 2.4916416811943054,
      "std": 0.25295248352598726,
      "min": 1.6333065032958984,
      "max": 3.0583977699279785,
      "median": 2.5018649101257324
    },
    "stoi": {
      "mean": 0.8800672893972491,
      "std": 0.07760079293710886,
      "min": 0.590929543132501,
      "max": 0.9431096175620713,
      "median": 0.913882381701909
    },
    "estoi": {
      "mean": 0.7810244433229869,
      "std": 0.08687005931623994,
      "min": 0.4840962033477864,
      "max": 0.8699039791141385,
      "median": 0.8109372190407163
    }
  },
  "tokens_per_second": {
    "mean": 65.57311278244012,
    "std": 7.412954894977174
  },
  "compression_ratio": {
    "mean": 247.39193759787165,
    "std": 30.31488158065309
  }
}