{
  "language": "cmn_hans_cn",
  "dataset": "fleurs",
  "num_samples": 100,
  "num_failed": 0,
  "metrics": {
    "mse": {
      "mean": 0.006620969785949829,
      "std": 0.003213974901270666,
      "min": 0.0019444160275724628,
      "max": 0.021751707047605776,
      "median": 0.006235452046016271
    },
    "snr_db": {
      "mean": 3.575730998013697,
      "std": 1.7920710901698869,
      "min": -1.2689895987455926,
      "max": 6.986414122745838,
      "median": 3.6827464545464283
    },
    "sdr_db": {
      "mean": 3.646801004051727,
      "std": 1.8711645106054673,
      "min": -1.4445844401523786,
      "max": 7.645840091844706,
      "median": 3.7914653819739956
    },
    "pesq": {
      "mean": 1.9750616204738618,
      "std": 0.27854938854651784,
      "min": 1.408794641494751,
      "max": 2.981055736541748,
      "median": 1.978875994682312
    },
    "stoi": {
      "mean": 0.8098730861824822,
      "std": 0.09479373722967145,
      "min": 0.5404710771304139,
      "max": 0.9304381899981106,
      "median": 0.8515617067384752
    },
    "estoi": {
      "mean": 0.6682190172051401,
      "std": 0.12782869797387647,
      "min": 0.2989809024932768,
      "max": 0.8465727636544425,
      "median": 0.70777022701604
    }
  },
  "tokens_per_second": {
    "mean": 52.05391409703487,
    "std": 11.403398490486843
  },
  "compression_ratio": {
    "mean": 322.51563306260175,
    "std": 71.59046648786935
  }
}