{
  "language": "mk_mk",
  "dataset": "fleurs",
  "num_samples": 100,
  "num_failed": 0,
  "metrics": {
    "mse": {
      "mean": 0.004323319905404074,
      "std": 0.0024186649837901362,
      "min": 0.0010234352581387704,
      "max": 0.018070672891123744,
      "median": 0.0038501823493592435
    },
    "snr_db": {
      "mean": 4.701217450192845,
      "std": 4.112123607126839,
      "min": -16.775253490709247,
      "max": 9.497818448523764,
      "median": 5.43281286475329
    },
    "sdr_db": {
      "mean": 4.776633013578406,
      "std": 4.129676974593881,
      "min": -16.913001296191815,
      "max": 9.464957385867637,
      "median": 5.543418927362806
    },
    "pesq": {
      "mean": 2.1932455265522,
      "std": 0.28000919008991687,
      "min": 1.3323947191238403,
      "max": 2.785872220993042,
      "median": 2.198421835899353
    },
    "stoi": {
      "mean": 0.8668613015126901,
      "std": 0.047064102836600195,
      "min": 0.6888906770364815,
      "max": 0.9348291384443241,
      "median": 0.8761037310294646
    },
    "estoi": {
      "mean": 0.7204013593156811,
      "std": 0.07711929984524467,
      "min": 0.5162505925100863,
      "max": 0.8830151714856693,
      "median": 0.727689949289972
    }
  },
  "tokens_per_second": {
    "mean": 66.89674819726235,
    "std": 10.253634278885324
  },
  "compression_ratio": {
    "mean": 245.34014935766263,
    "std": 41.163274313280226
  }
}