{
  "language": "yo_ng",
  "dataset": "fleurs",
  "num_samples": 100,
  "num_failed": 0,
  "metrics": {
    "mse": {
      "mean": 0.004802512623139774,
      "std": 0.0024976155823029224,
      "min": 0.0008619112822068852,
      "max": 0.01160323030785478,
      "median": 0.004509729974374705
    },
    "snr_db": {
      "mean": 2.35579246683034,
      "std": 1.7319293037508126,
      "min": -4.393320132749852,
      "max": 6.6854948603309206,
      "median": 2.5035688647158736
    },
    "sdr_db": {
      "mean": 2.2577345568882414,
      "std": 1.6837654643605127,
      "min": -4.564587192567604,
      "max": 6.685495003624337,
      "median": 2.373667055477532
    },
    "pesq": {
      "mean": 1.820034682750702,
      "std": 0.3161484951088912,
      "min": 1.2253726720809937,
      "max": 2.731504440307617,
      "median": 1.8244128823280334
    },
    "stoi": {
      "mean": 0.7765537693815009,
      "std": 0.08942196892030664,
      "min": 0.4590064186475082,
      "max": 0.9144802532566465,
      "median": 0.7727380543051745
    },
    "estoi": {
      "mean": 0.6146715658588549,
      "std": 0.12871937791035368,
      "min": 0.29881238750605554,
      "max": 0.8607973610806723,
      "median": 0.6068483861570803
    }
  },
  "tokens_per_second": {
    "mean": 42.366023138545664,
    "std": 8.143483575865261
  },
  "compression_ratio": {
    "mean": 392.83993329096245,
    "std": 80.90963212402256
  }
}