{
  "language": "blues",
  "dataset": "gtzan",
  "num_samples": 25,
  "num_failed": 0,
  "metrics": {
    "mse": {
      "mean": 0.03246045968718775,
      "std": 0.014544372840788702,
      "min": 0.012811222587791946,
      "max": 0.06752811036714795,
      "median": 0.028689889089482973
    },
    "snr_db": {
      "mean": -1.446020549073901,
      "std": 0.47095906253707026,
      "min": -2.303129127188915,
      "max": -0.31701442335593377,
      "median": -1.472704790704691
    },
    "sdr_db": {
      "mean": -1.467135460279047,
      "std": 0.48668239755850706,
      "min": -2.2766247579682664,
      "max": -0.29903575579805913,
      "median": -1.4867730108941788
    },
    "pesq": {
      "mean": 1.1376593589782715,
      "std": 0.043077571020468136,
      "min": 1.071183443069458,
      "max": 1.266319751739502,
      "median": 1.1374053955078125
    },
    "stoi": {
      "mean": 0.34883035146345165,
      "std": 0.06462582589774146,
      "min": 0.2065422379803146,
      "max": 0.502998492077646,
      "median": 0.3505638893609245
    },
    "estoi": {
      "mean": 0.19948904427366795,
      "std": 0.0523261935479213,
      "min": 0.0861337187057666,
      "max": 0.32710262901407705,
      "median": 0.1962387599351024
    }
  },
  "tokens_per_second": {
    "mean": 29.84273656152821,
    "std": 6.191487271808105
  },
  "compression_ratio": {
    "mean": 767.3645638273747,
    "std": 139.84932438195582
  }
}