{
  "language": "ro_ro",
  "dataset": "fleurs",
  "num_samples": 100,
  "num_failed": 0,
  "metrics": {
    "mse": {
      "mean": 0.0065679146964382085,
      "std": 0.007031681194765637,
      "min": 0.001074099803858039,
      "max": 0.05112974291567277,
      "median": 0.005071997039771818
    },
    "snr_db": {
      "mean": 3.604874775075083,
      "std": 4.336186192217516,
      "min": -17.661235271706243,
      "max": 7.768331871850826,
      "median": 4.898509478384087
    },
    "sdr_db": {
      "mean": 3.6069125215201394,
      "std": 4.40212874772137,
      "min": -18.274216682782303,
      "max": 8.467715590757116,
      "median": 5.068421125618828
    },
    "pesq": {
      "mean": 2.055461094379425,
      "std": 0.40086723559921056,
      "min": 1.194111943244934,
      "max": 2.767960786819458,
      "median": 1.956026315689087
    },
    "stoi": {
      "mean": 0.803148432963292,
      "std": 0.10122658958639068,
      "min": 0.5498888286708401,
      "max": 0.9510215229581043,
      "median": 0.8123738100578045
    },
    "estoi": {
      "mean": 0.6849320585555101,
      "std": 0.11640321332918742,
      "min": 0.4527357385119335,
      "max": 0.8748623534899868,
      "median": 0.6734634264042442
    }
  },
  "tokens_per_second": {
    "mean": 58.70245476927525,
    "std": 7.795580242442136
  },
  "compression_ratio": {
    "mean": 277.8471992833937,
    "std": 40.65831091997713
  }
}