{
  "language": "be_by",
  "dataset": "fleurs",
  "num_samples": 100,
  "num_failed": 0,
  "metrics": {
    "mse": {
      "mean": 0.007133047246726778,
      "std": 0.005745397970478583,
      "min": 0.0008558523266853426,
      "max": 0.027780579805827998,
      "median": 0.0054814501731951515
    },
    "snr_db": {
      "mean": 2.7371821456906233,
      "std": 1.9351629225109506,
      "min": -7.9380828368217005,
      "max": 6.822732861597023,
      "median": 2.760024053261348
    },
    "sdr_db": {
      "mean": 2.794570216264185,
      "std": 1.9168851360569457,
      "min": -7.70117546366025,
      "max": 6.668752166332265,
      "median": 2.7910946776599914
    },
    "pesq": {
      "mean": 1.8724081707000733,
      "std": 0.3388349019293624,
      "min": 1.248389720916748,
      "max": 2.8099441528320312,
      "median": 1.82048499584198
    },
    "stoi": {
      "mean": 0.8372719946014177,
      "std": 0.050603444459120295,
      "min": 0.6796640671521096,
      "max": 0.9343380035747029,
      "median": 0.8420730358013547
    },
    "estoi": {
      "mean": 0.6961876941615379,
      "std": 0.059466200518419644,
      "min": 0.5244527688800038,
      "max": 0.8101197179411779,
      "median": 0.6992280283909902
    }
  },
  "tokens_per_second": {
    "mean": 61.720261768341516,
    "std": 9.740350518985217
  },
  "compression_ratio": {
    "mean": 266.70349820083834,
    "std": 48.6579163637098
  }
}