{
  "language": "hiphop",
  "dataset": "gtzan",
  "num_samples": 25,
  "num_failed": 0,
  "metrics": {
    "mse": {
      "mean": 0.06466354659583601,
      "std": 0.02174488396784611,
      "min": 0.027304206842718427,
      "max": 0.10479823367312173,
      "median": 0.061614806446950346
    },
    "snr_db": {
      "mean": -1.013736186807662,
      "std": 0.40465027130918485,
      "min": -1.782413241185957,
      "max": -0.18135314178792322,
      "median": -0.8950081115372162
    },
    "sdr_db": {
      "mean": -1.0113426885539685,
      "std": 0.4009304888861369,
      "min": -1.7443679771658334,
      "max": -0.16295994690344984,
      "median": -0.9019342687724852
    },
    "pesq": {
      "mean": 1.081309847831726,
      "std": 0.03213752567151363,
      "min": 1.0239893198013306,
      "max": 1.1540288925170898,
      "median": 1.0709245204925537
    },
    "stoi": {
      "mean": 0.5188190268160683,
      "std": 0.11898510910771913,
      "min": 0.2732691171825469,
      "max": 0.6577545217699942,
      "median": 0.5686385552567386
    },
    "estoi": {
      "mean": 0.3285322852952362,
      "std": 0.09476653847523932,
      "min": 0.13844516064013163,
      "max": 0.47315530741695355,
      "median": 0.3465285355871274
    }
  },
  "tokens_per_second": {
    "mean": 59.202377610212395,
    "std": 14.398829284148025
  },
  "compression_ratio": {
    "mean": 402.8303051295786,
    "std": 127.74960623275675
  }
}