{
  "language": "am_et",
  "dataset": "fleurs",
  "num_samples": 100,
  "num_failed": 0,
  "metrics": {
    "mse": {
      "mean": 0.009004711306206913,
      "std": 0.007627372106491761,
      "min": 0.000652247039630857,
      "max": 0.041658235723931174,
      "median": 0.0063636014658019525
    },
    "snr_db": {
      "mean": 1.1200930663653776,
      "std": 2.966505943646905,
      "min": -5.0048949230117366,
      "max": 7.778977874252044,
      "median": 0.41540477179309965
    },
    "sdr_db": {
      "mean": 1.0347625460141325,
      "std": 2.8139780948164645,
      "min": -5.209736695811491,
      "max": 7.651621143109104,
      "median": 0.7534142466857552
    },
    "pesq": {
      "mean": 1.6188390028476716,
      "std": 0.2996558841308239,
      "min": 1.1684554815292358,
      "max": 2.393404006958008,
      "median": 1.5382846593856812
    },
    "stoi": {
      "mean": 0.7321976457797329,
      "std": 0.13906830683948937,
      "min": 0.41712912694415466,
      "max": 0.9133170715163245,
      "median": 0.7635568809359223
    },
    "estoi": {
      "mean": 0.56505402203446,
      "std": 0.17542757876363926,
      "min": 0.24821400082619843,
      "max": 0.8285353699701593,
      "median": 0.6004793030511011
    }
  },
  "tokens_per_second": {
    "mean": 61.3176921049698,
    "std": 9.418675757036372
  },
  "compression_ratio": {
    "mean": 267.67826616596705,
    "std": 44.7780438050063
  }
}