{
  "language": "tr_tr",
  "dataset": "fleurs",
  "num_samples": 100,
  "num_failed": 0,
  "metrics": {
    "mse": {
      "mean": 0.007764294263949402,
      "std": 0.011308478975673124,
      "min": 0.0012490143323658264,
      "max": 0.10528006006171163,
      "median": 0.005566459567781496
    },
    "snr_db": {
      "mean": 2.283144097007452,
      "std": 4.101037016776041,
      "min": -9.673906819721726,
      "max": 6.467185141123711,
      "median": 3.7699593456115363
    },
    "sdr_db": {
      "mean": -0.18222726655390317,
      "std": 9.32197678645421,
      "min": -26.85918544745668,
      "max": 6.430062715821225,
      "median": 3.493791667747158
    },
    "pesq": {
      "mean": 2.0531406426670578,
      "std": 0.42113557411696834,
      "min": 1.2349798679351807,
      "max": 2.9261529445648193,
      "median": 2.106731653213501
    },
    "stoi": {
      "mean": 0.714598387857488,
      "std": 0.24978366892139583,
      "min": 1e-05,
      "max": 0.9270186404713342,
      "median": 0.7954381976516448
    },
    "estoi": {
      "mean": 0.5723021971642471,
      "std": 0.24923285908010476,
      "min": -0.05740706207830534,
      "max": 0.8372582197682327,
      "median": 0.6641465852046895
    }
  },
  "tokens_per_second": {
    "mean": 60.06753364347375,
    "std": 9.923871883121713
  },
  "compression_ratio": {
    "mean": 274.4016929136641,
    "std": 50.263962718023606
  }
}