{
  "language": "fa_ir",
  "dataset": "fleurs",
  "num_samples": 100,
  "num_failed": 0,
  "metrics": {
    "mse": {
      "mean": 0.006387684536617882,
      "std": 0.003663646007874024,
      "min": 0.0011768061745732017,
      "max": 0.022977838295943097,
      "median": 0.005424566279845969
    },
    "snr_db": {
      "mean": 3.094217265348718,
      "std": 1.599047299868891,
      "min": -0.6830637278473732,
      "max": 6.7731663333001535,
      "median": 3.0689975739692787
    },
    "sdr_db": {
      "mean": 3.0704262521489945,
      "std": 1.6860694726755032,
      "min": -0.7640026564737875,
      "max": 6.9860021727417845,
      "median": 3.166004156271132
    },
    "pesq": {
      "mean": 2.0586939680576326,
      "std": 0.3057029017284911,
      "min": 1.443518877029419,
      "max": 2.7245442867279053,
      "median": 2.031099319458008
    },
    "stoi": {
      "mean": 0.8270223349375612,
      "std": 0.07213095522675934,
      "min": 0.4922752104066025,
      "max": 0.9378327696453821,
      "median": 0.8397749944828683
    },
    "estoi": {
      "mean": 0.6890170616865775,
      "std": 0.08115852939137586,
      "min": 0.35940984501499723,
      "max": 0.8390653587247114,
      "median": 0.7025113125169051
    }
  },
  "tokens_per_second": {
    "mean": 57.270763087816164,
    "std": 11.392175355184383
  },
  "compression_ratio": {
    "mean": 292.72125230792614,
    "std": 70.00734215315863
  }
}