{
  "language": "he_il",
  "dataset": "fleurs",
  "num_samples": 100,
  "num_failed": 0,
  "metrics": {
    "mse": {
      "mean": 0.00811007091143933,
      "std": 0.005568744460722064,
      "min": 0.001039968834784342,
      "max": 0.026974033700399053,
      "median": 0.006577819844036804
    },
    "snr_db": {
      "mean": 3.3238975444528505,
      "std": 2.225414208923752,
      "min": -8.272610453261237,
      "max": 6.877153003581178,
      "median": 3.708438967436631
    },
    "sdr_db": {
      "mean": 3.427431639788353,
      "std": 2.2191330732361574,
      "min": -8.58626626179276,
      "max": 6.953599403503142,
      "median": 3.6772036207062673
    },
    "pesq": {
      "mean": 1.913570327758789,
      "std": 0.38553158431999607,
      "min": 1.017988920211792,
      "max": 2.855447769165039,
      "median": 1.8947003483772278
    },
    "stoi": {
      "mean": 0.7841742333944214,
      "std": 0.09501588795505915,
      "min": 0.5612791339904822,
      "max": 0.9574911505147805,
      "median": 0.7919746999325525
    },
    "estoi": {
      "mean": 0.6257569215367427,
      "std": 0.12354220242776705,
      "min": 0.369329892802059,
      "max": 0.865554880465841,
      "median": 0.629790282666765
    }
  },
  "tokens_per_second": {
    "mean": 62.91832651967202,
    "std": 11.044439462048958
  },
  "compression_ratio": {
    "mean": 262.6804236504424,
    "std": 49.41437957064874
  }
}