{
  "language": "oc_fr",
  "dataset": "fleurs",
  "num_samples": 100,
  "num_failed": 0,
  "metrics": {
    "mse": {
      "mean": 0.006558456130619695,
      "std": 0.0030345533478170223,
      "min": 0.0010720602146837067,
      "max": 0.016926900681407647,
      "median": 0.005983900074713732
    },
    "snr_db": {
      "mean": 1.6943711957731153,
      "std": 1.5865867207879796,
      "min": -2.3616856420810715,
      "max": 5.6557684004201985,
      "median": 1.8650049167030365
    },
    "sdr_db": {
      "mean": 1.754940763621778,
      "std": 1.626402437618325,
      "min": -3.040442974400239,
      "max": 5.628682065137601,
      "median": 1.8907730830354028
    },
    "pesq": {
      "mean": 1.7490516340732574,
      "std": 0.25147050478057925,
      "min": 1.2231290340423584,
      "max": 2.5147864818573,
      "median": 1.7428835034370422
    },
    "stoi": {
      "mean": 0.8049787920234825,
      "std": 0.059408701216298904,
      "min": 0.6032301834210444,
      "max": 0.9119578452120775,
      "median": 0.8137211791954857
    },
    "estoi": {
      "mean": 0.6189371853140067,
      "std": 0.07475012875068868,
      "min": 0.40083487705121307,
      "max": 0.7875964695121349,
      "median": 0.6252910919189819
    }
  },
  "tokens_per_second": {
    "mean": 44.88183834773618,
    "std": 8.276171366329455
  },
  "compression_ratio": {
    "mean": 369.94737297111686,
    "std": 75.31190616163578
  }
}