{
  "language": "cs_cz",
  "dataset": "fleurs",
  "num_samples": 100,
  "num_failed": 0,
  "metrics": {
    "mse": {
      "mean": 0.006266450273538422,
      "std": 0.002925211384551011,
      "min": 0.000519119906584253,
      "max": 0.014503499670598195,
      "median": 0.005864921864712066
    },
    "snr_db": {
      "mean": 3.1862830137343456,
      "std": 3.092940559657416,
      "min": -6.656779310895475,
      "max": 8.819407114593886,
      "median": 3.2141320527969803
    },
    "sdr_db": {
      "mean": 3.1832438568422914,
      "std": 3.1346545765078693,
      "min": -6.85001468009586,
      "max": 8.959014720990416,
      "median": 3.187752443415796
    },
    "pesq": {
      "mean": 2.089997172355652,
      "std": 0.2672666475403425,
      "min": 1.6140079498291016,
      "max": 3.0962986946105957,
      "median": 2.0285589694976807
    },
    "stoi": {
      "mean": 0.8556960221671399,
      "std": 0.07945406390081197,
      "min": 0.5849463133198499,
      "max": 0.9439762323367364,
      "median": 0.8815346797633452
    },
    "estoi": {
      "mean": 0.7423531561013972,
      "std": 0.10888013839719181,
      "min": 0.41349967950551353,
      "max": 0.8961390713102833,
      "median": 0.7720932111716285
    }
  },
  "tokens_per_second": {
    "mean": 66.13466295421803,
    "std": 9.501312504237566
  },
  "compression_ratio": {
    "mean": 248.34510305153762,
    "std": 47.49644902212327
  }
}