{
  "language": "ja_jp",
  "dataset": "fleurs",
  "num_samples": 100,
  "num_failed": 0,
  "metrics": {
    "mse": {
      "mean": 0.006292239319160453,
      "std": 0.0028132852074337906,
      "min": 0.0008472074049356559,
      "max": 0.015788360918707466,
      "median": 0.005770619676349176
    },
    "snr_db": {
      "mean": 3.9127442272741724,
      "std": 2.480371114107529,
      "min": -6.717701080392187,
      "max": 8.13385108126844,
      "median": 4.06784644808251
    },
    "sdr_db": {
      "mean": 3.856412718059184,
      "std": 2.5020795410924217,
      "min": -6.764666802409098,
      "max": 8.05678355690076,
      "median": 3.8965528181267435
    },
    "pesq": {
      "mean": 1.9345265579223634,
      "std": 0.26625664737238103,
      "min": 1.0545382499694824,
      "max": 2.544348955154419,
      "median": 1.9320045709609985
    },
    "stoi": {
      "mean": 0.8026758224460275,
      "std": 0.09498257922548582,
      "min": 0.5664703359555624,
      "max": 0.9237706526244631,
      "median": 0.8208779514662623
    },
    "estoi": {
      "mean": 0.6733642708692484,
      "std": 0.13722175132757472,
      "min": 0.3858646697002463,
      "max": 0.862218509232797,
      "median": 0.6960397194894146
    }
  },
  "tokens_per_second": {
    "mean": 61.4366861925047,
    "std": 8.559077005336079
  },
  "compression_ratio": {
    "mean": 265.5418929950196,
    "std": 37.33628296599396
  }
}