{
  "language": "rock",
  "dataset": "gtzan",
  "num_samples": 25,
  "num_failed": 0,
  "metrics": {
    "mse": {
      "mean": 0.051230445150738435,
      "std": 0.024006557993411275,
      "min": 0.013394703116918304,
      "max": 0.1093669040368409,
      "median": 0.04248748624547807
    },
    "snr_db": {
      "mean": -1.7220168932073816,
      "std": 0.531977754492958,
      "min": -2.3420296177288282,
      "max": -0.10057200224528429,
      "median": -1.9123386091113634
    },
    "sdr_db": {
      "mean": -1.7260145310949326,
      "std": 0.5553438606613557,
      "min": -2.411496671074938,
      "max": -0.09676095510463231,
      "median": -1.8820853350837807
    },
    "pesq": {
      "mean": 1.124581503868103,
      "std": 0.06836947634482023,
      "min": 1.0299216508865356,
      "max": 1.3112808465957642,
      "median": 1.1224913597106934
    },
    "stoi": {
      "mean": 0.24569394314922247,
      "std": 0.11070221117980014,
      "min": 0.05052247979624168,
      "max": 0.5048870771838179,
      "median": 0.24359299475362675
    },
    "estoi": {
      "mean": 0.14947552465449285,
      "std": 0.07708801616352835,
      "min": 0.020461508559324142,
      "max": 0.34673610457855675,
      "median": 0.13054301507820895
    }
  },
  "tokens_per_second": {
    "mean": 32.807221679253665,
    "std": 10.501826302767006
  },
  "compression_ratio": {
    "mean": 752.2007306234616,
    "std": 279.69201540043696
  }
}