{
  "language": "country",
  "dataset": "gtzan",
  "num_samples": 25,
  "num_failed": 0,
  "metrics": {
    "mse": {
      "mean": 0.05956156234592982,
      "std": 0.041415489182647314,
      "min": 0.01167927461423119,
      "max": 0.1433664518813244,
      "median": 0.03807109338785708
    },
    "snr_db": {
      "mean": -1.2799052774603943,
      "std": 0.5213514331819026,
      "min": -2.9798589017772734,
      "max": -0.3721851481983227,
      "median": -1.233759502200412
    },
    "sdr_db": {
      "mean": -1.2291901272236796,
      "std": 0.46219581087010514,
      "min": -2.4934189732278407,
      "max": -0.18852960419757303,
      "median": -1.2425169692296896
    },
    "pesq": {
      "mean": 1.1242542695999145,
      "std": 0.0627424988461969,
      "min": 1.0391262769699097,
      "max": 1.3137781620025635,
      "median": 1.1062699556350708
    },
    "stoi": {
      "mean": 0.24604878874362854,
      "std": 0.10325816721552435,
      "min": 0.052940839227008034,
      "max": 0.4998776513566376,
      "median": 0.23015861574294016
    },
    "estoi": {
      "mean": 0.15364552476139218,
      "std": 0.06585620000272535,
      "min": 0.0245103087368043,
      "max": 0.3622584854026195,
      "median": 0.15049754593302972
    }
  },
  "tokens_per_second": {
    "mean": 29.25604598504097,
    "std": 8.527438226487186
  },
  "compression_ratio": {
    "mean": 828.4472429796726,
    "std": 272.04401614247786
  }
}