{
  "language": "hiphop",
  "dataset": "gtzan",
  "num_samples": 25,
  "num_failed": 0,
  "metrics": {
    "mse": {
      "mean": 0.05429137728267849,
      "std": 0.02010371718714619,
      "min": 0.02001957263739241,
      "max": 0.09259453738966578,
      "median": 0.04990152048971804
    },
    "snr_db": {
      "mean": -0.20302067609187816,
      "std": 0.08017355712938781,
      "min": -0.42272839859443717,
      "max": -0.08474293344446199,
      "median": -0.18875533515314064
    },
    "sdr_db": {
      "mean": -0.20726580986741375,
      "std": 0.08521231162140053,
      "min": -0.42110088490270553,
      "max": -0.0798386962122207,
      "median": -0.186274559047718
    },
    "pesq": {
      "mean": 1.0661215782165527,
      "std": 0.03146280769663857,
      "min": 1.018898606300354,
      "max": 1.1791064739227295,
      "median": 1.0603296756744385
    },
    "stoi": {
      "mean": 0.49160647516076866,
      "std": 0.07042353842514895,
      "min": 0.2741170764587256,
      "max": 0.578461286013455,
      "median": 0.506291432170093
    },
    "estoi": {
      "mean": 0.2667431618417026,
      "std": 0.05080990798612684,
      "min": 0.1440394647917537,
      "max": 0.34411117735479557,
      "median": 0.27001829459629106
    }
  },
  "tokens_per_second": {
    "mean": 24.71097469483864,
    "std": 1.3643329703259732
  },
  "compression_ratio": {
    "mean": 894.9168678945192,
    "std": 47.226349695970086
  }
}