{
  "language": "kea_cv",
  "dataset": "fleurs",
  "num_samples": 100,
  "num_failed": 0,
  "metrics": {
    "mse": {
      "mean": 0.013034232772264603,
      "std": 0.008042670948341591,
      "min": 0.0022688284014542926,
      "max": 0.0410927704683692,
      "median": 0.010906882026144035
    },
    "snr_db": {
      "mean": 0.263229730673547,
      "std": 1.0865474907812656,
      "min": -3.2920445837325545,
      "max": 3.4404786991786014,
      "median": -0.02433383465807764
    },
    "sdr_db": {
      "mean": 0.20949607044365098,
      "std": 1.0514742536404351,
      "min": -3.2924290902820514,
      "max": 3.0656118958459024,
      "median": -0.022498407647267783
    },
    "pesq": {
      "mean": 1.2318979144096374,
      "std": 0.14586019112193077,
      "min": 1.03538179397583,
      "max": 1.6796150207519531,
      "median": 1.193531572818756
    },
    "stoi": {
      "mean": 0.5795222526855816,
      "std": 0.10506492523928267,
      "min": 0.20827237887320063,
      "max": 0.7728836209655467,
      "median": 0.5869412143690214
    },
    "estoi": {
      "mean": 0.3593697278316587,
      "std": 0.11634879794249067,
      "min": 0.10831362743472459,
      "max": 0.6262498244984928,
      "median": 0.3481086328242843
    }
  },
  "tokens_per_second": {
    "mean": 25.597042357790073,
    "std": 4.394234244263887
  },
  "compression_ratio": {
    "mean": 641.2763579220788,
    "std": 95.15816099502838
  }
}