{
  "language": "ga_ie",
  "dataset": "fleurs",
  "num_samples": 100,
  "num_failed": 0,
  "metrics": {
    "mse": {
      "mean": 0.01152038897273695,
      "std": 0.006400198131223876,
      "min": 0.001462434335758943,
      "max": 0.03609426352507039,
      "median": 0.010302829875123582
    },
    "snr_db": {
      "mean": 0.1465502241879888,
      "std": 1.1541303273512877,
      "min": -2.498259731726537,
      "max": 3.3178192442433736,
      "median": -0.051507797265865435
    },
    "sdr_db": {
      "mean": 0.08378670055476997,
      "std": 1.094545379431399,
      "min": -2.3733444824525622,
      "max": 2.9132569778751742,
      "median": -0.03654895053984058
    },
    "pesq": {
      "mean": 1.274361206293106,
      "std": 0.1670720612535636,
      "min": 1.0377140045166016,
      "max": 1.681966781616211,
      "median": 1.250856637954712
    },
    "stoi": {
      "mean": 0.7080274487671551,
      "std": 0.09556063130315612,
      "min": 0.43394459626895565,
      "max": 0.8339282280261973,
      "median": 0.7057441621193199
    },
    "estoi": {
      "mean": 0.5196563518038388,
      "std": 0.12382922290633552,
      "min": 0.24824220535771077,
      "max": 0.7042741811825726,
      "median": 0.5299825986472175
    }
  },
  "tokens_per_second": {
    "mean": 25.815746348802495,
    "std": 2.6765694992348026
  },
  "compression_ratio": {
    "mean": 626.4868659429138,
    "std": 64.95589693550873
  }
}