{
  "language": "nl_nl",
  "dataset": "fleurs",
  "num_samples": 100,
  "num_failed": 0,
  "metrics": {
    "mse": {
      "mean": 0.010455679686469623,
      "std": 0.00621631239148368,
      "min": 0.0030118078358371296,
      "max": 0.03674113965583348,
      "median": 0.008774577254793338
    },
    "snr_db": {
      "mean": 1.1871311890994176,
      "std": 1.2184508211232332,
      "min": -1.340059914191588,
      "max": 4.15636996166569,
      "median": 1.0039559884001656
    },
    "sdr_db": {
      "mean": 1.193001655906599,
      "std": 1.2401527397153138,
      "min": -1.4590820152548818,
      "max": 4.283296654568829,
      "median": 1.070237768777426
    },
    "pesq": {
      "mean": 1.3358545291423798,
      "std": 0.17184854313256573,
      "min": 1.0532127618789673,
      "max": 1.7846565246582031,
      "median": 1.3324292302131653
    },
    "stoi": {
      "mean": 0.7059637031783436,
      "std": 0.1099731452381968,
      "min": 0.42143542127282896,
      "max": 0.8486648788237275,
      "median": 0.752068190915514
    },
    "estoi": {
      "mean": 0.520667799934052,
      "std": 0.13765521978168568,
      "min": 0.17764530825635427,
      "max": 0.7087054939871124,
      "median": 0.5821000921913257
    }
  },
  "tokens_per_second": {
    "mean": 28.572295758692206,
    "std": 3.3317840014032343
  },
  "compression_ratio": {
    "mean": 567.3556398265705,
    "std": 63.97266925449993
  }
}