{
  "language": "estonia",
  "dataset": "eurospeech",
  "num_samples": 100,
  "num_failed": 0,
  "metrics": {
    "mse": {
      "mean": 0.01012260886275481,
      "std": 0.004653419942484895,
      "min": 0.002190322412130112,
      "max": 0.030511579807210164,
      "median": 0.008911888855807798
    },
    "snr_db": {
      "mean": 0.0888819832235917,
      "std": 0.4156184874404926,
      "min": -0.7955707841136153,
      "max": 1.1032136520817195,
      "median": 0.15120241367603043
    },
    "sdr_db": {
      "mean": 0.08315859236063136,
      "std": 0.3955996948013784,
      "min": -0.8375735246345781,
      "max": 0.9820952850286446,
      "median": 0.12467589787034863
    },
    "pesq": {
      "mean": 1.2576056349277496,
      "std": 0.08671497211971775,
      "min": 1.126670002937317,
      "max": 1.6839876174926758,
      "median": 1.2499668598175049
    },
    "stoi": {
      "mean": 0.7292124246384651,
      "std": 0.054786445259563006,
      "min": 0.2921646758963912,
      "max": 0.8059168490329641,
      "median": 0.7399986735868674
    },
    "estoi": {
      "mean": 0.5094064519934343,
      "std": 0.058901692189236354,
      "min": 0.1543870618873213,
      "max": 0.6377881891223867,
      "median": 0.512955235179282
    }
  },
  "tokens_per_second": {
    "mean": 28.225293149079718,
    "std": 1.7782900344921964
  },
  "compression_ratio": {
    "mean": 569.1389023391798,
    "std": 36.290181857773916
  }
}