{
  "language": "greece",
  "dataset": "eurospeech",
  "num_samples": 100,
  "num_failed": 0,
  "metrics": {
    "mse": {
      "mean": 0.037877079541190885,
      "std": 0.005426932483272109,
      "min": 0.01879587189006395,
      "max": 0.04978245184185389,
      "median": 0.03869360039968491
    },
    "snr_db": {
      "mean": 0.0404356058436984,
      "std": 0.296107144785912,
      "min": -1.0696279996520166,
      "max": 0.4842597171616425,
      "median": 0.11195304741837389
    },
    "sdr_db": {
      "mean": 0.03802067142865675,
      "std": 0.2936308146807161,
      "min": -1.0700525063064854,
      "max": 0.47553980025385334,
      "median": 0.11482345111939338
    },
    "pesq": {
      "mean": 1.2064356696605683,
      "std": 0.02977690721544503,
      "min": 1.1163846254348755,
      "max": 1.2941235303878784,
      "median": 1.203243911266327
    },
    "stoi": {
      "mean": 0.584263700021151,
      "std": 0.039405718250138284,
      "min": 0.4113558867978135,
      "max": 0.6548297546743991,
      "median": 0.5838657394565162
    },
    "estoi": {
      "mean": 0.35676923100781033,
      "std": 0.036363133876737744,
      "min": 0.23990205438159923,
      "max": 0.4500385224953813,
      "median": 0.3603863866831091
    }
  },
  "tokens_per_second": {
    "mean": 30.183404603940513,
    "std": 1.9241526019010795
  },
  "compression_ratio": {
    "mean": 532.2907641473207,
    "std": 34.56671387223204
  }
}