{
  "language": "rock",
  "dataset": "gtzan",
  "num_samples": 25,
  "num_failed": 0,
  "metrics": {
    "mse": {
      "mean": 0.037092969465126836,
      "std": 0.020558904796340722,
      "min": 0.011960766351025564,
      "max": 0.11319430630794568,
      "median": 0.03091983912666359
    },
    "snr_db": {
      "mean": -0.2846432611065007,
      "std": 0.17796794322930434,
      "min": -0.8780050848178321,
      "max": -0.006428238395869772,
      "median": -0.24997273655409175
    },
    "sdr_db": {
      "mean": -0.2765743022739675,
      "std": 0.18321758564669424,
      "min": -0.8605483630672172,
      "max": -0.005933289074131746,
      "median": -0.26221623134116184
    },
    "pesq": {
      "mean": 1.1280810594558717,
      "std": 0.08226242958428259,
      "min": 1.0441104173660278,
      "max": 1.4603207111358643,
      "median": 1.1190282106399536
    },
    "stoi": {
      "mean": 0.339938722137541,
      "std": 0.11294844833194524,
      "min": 0.11986043114000472,
      "max": 0.5827739116711146,
      "median": 0.34101757256121196
    },
    "estoi": {
      "mean": 0.19374422523660775,
      "std": 0.05921411956729189,
      "min": 0.08971811511466843,
      "max": 0.31519595134129,
      "median": 0.18363363925208676
    }
  },
  "tokens_per_second": {
    "mean": 26.96853072708426,
    "std": 2.9439903837323995
  },
  "compression_ratio": {
    "mean": 827.4133385240834,
    "std": 90.09356448184127
  }
}