{
  "language": "ast_es",
  "dataset": "fleurs",
  "num_samples": 100,
  "num_failed": 0,
  "metrics": {
    "mse": {
      "mean": 0.011968546970234853,
      "std": 0.008029554061622597,
      "min": 0.0031341919069580787,
      "max": 0.03509195840796357,
      "median": 0.008857512877851418
    },
    "snr_db": {
      "mean": 1.265725187824338,
      "std": 1.717874525203412,
      "min": -3.9345349749791874,
      "max": 4.295539888678751,
      "median": 1.5073572976390592
    },
    "sdr_db": {
      "mean": 1.270159781111712,
      "std": 1.7397593096397228,
      "min": -3.9143273934387586,
      "max": 4.4132233578928135,
      "median": 1.500366043941742
    },
    "pesq": {
      "mean": 1.4543702220916748,
      "std": 0.20062346141977916,
      "min": 1.0689702033996582,
      "max": 1.9252907037734985,
      "median": 1.4418070316314697
    },
    "stoi": {
      "mean": 0.7752989529896461,
      "std": 0.07814050586020807,
      "min": 0.5071128963052489,
      "max": 0.8896576621599512,
      "median": 0.7996181402599576
    },
    "estoi": {
      "mean": 0.6033890534999703,
      "std": 0.13621889026531828,
      "min": 0.23084578768236177,
      "max": 0.81375887027827,
      "median": 0.6421995032661441
    }
  },
  "tokens_per_second": {
    "mean": 30.061519613480392,
    "std": 3.880630030788256
  },
  "compression_ratio": {
    "mean": 542.2023935713838,
    "std": 78.35414980564202
  }
}