{
  "language": "tr_tr",
  "dataset": "fleurs",
  "num_samples": 100,
  "num_failed": 0,
  "metrics": {
    "mse": {
      "mean": 0.011566545038835403,
      "std": 0.015862543025454107,
      "min": 0.0010449781476153813,
      "max": 0.13738328930896476,
      "median": 0.008772562155806107
    },
    "snr_db": {
      "mean": 1.0347471613558543,
      "std": 1.11917078259738,
      "min": -1.9085358589616144,
      "max": 3.3924578924962665,
      "median": 1.2241991537782404
    },
    "sdr_db": {
      "mean": 0.6484582858120518,
      "std": 1.54649708684409,
      "min": -3.2701237649354455,
      "max": 3.3952512122258502,
      "median": 0.757264242171185
    },
    "pesq": {
      "mean": 1.3305334503000432,
      "std": 0.23691118645466677,
      "min": 1.0387237071990967,
      "max": 2.022228479385376,
      "median": 1.3182731866836548
    },
    "stoi": {
      "mean": 0.6168026062066929,
      "std": 0.22410113285882838,
      "min": 1e-05,
      "max": 0.9850393551496555,
      "median": 0.6703207197968752
    },
    "estoi": {
      "mean": 0.4176520725259836,
      "std": 0.1873636395382912,
      "min": 1e-05,
      "max": 0.7006841919850175,
      "median": 0.45364522520283085
    }
  },
  "tokens_per_second": {
    "mean": 27.149818922797706,
    "std": 4.4473170946410745
  },
  "compression_ratio": {
    "mean": 605.242272074022,
    "std": 98.00344647628806
  }
}