{
  "language": "france",
  "dataset": "eurospeech",
  "num_samples": 100,
  "num_failed": 0,
  "metrics": {
    "mse": {
      "mean": 0.011882916747511124,
      "std": 0.0037534801958786974,
      "min": 0.0028392873176068373,
      "max": 0.0212434892314654,
      "median": 0.011388193232610519
    },
    "snr_db": {
      "mean": 1.284916107176805,
      "std": 0.8570716531238937,
      "min": -0.5714384741814115,
      "max": 2.9537047830295284,
      "median": 1.354288523184256
    },
    "sdr_db": {
      "mean": 1.2518109472707737,
      "std": 0.8834560924310143,
      "min": -0.5698439657186711,
      "max": 3.006166839107378,
      "median": 1.3781069449007561
    },
    "pesq": {
      "mean": 1.3183403325080871,
      "std": 0.09090880829865805,
      "min": 1.1233817338943481,
      "max": 1.6750425100326538,
      "median": 1.3363098502159119
    },
    "stoi": {
      "mean": 0.7749906178255805,
      "std": 0.0267807788846474,
      "min": 0.6640974633759519,
      "max": 0.829613420725344,
      "median": 0.7776197220614374
    },
    "estoi": {
      "mean": 0.5986647096377282,
      "std": 0.04523589694733381,
      "min": 0.4756579373607844,
      "max": 0.7079283875387117,
      "median": 0.6042198909981259
    }
  },
  "tokens_per_second": {
    "mean": 30.294292024381225,
    "std": 1.909412490832644
  },
  "compression_ratio": {
    "mean": 530.2734173682603,
    "std": 33.747995595275626
  }
}