{
  "language": "en_us",
  "dataset": "fleurs",
  "num_samples": 100,
  "num_failed": 0,
  "metrics": {
    "mse": {
      "mean": 0.009549857656607066,
      "std": 0.004875200369670322,
      "min": 0.001663653005651126,
      "max": 0.025959699765401283,
      "median": 0.009208233037096999
    },
    "snr_db": {
      "mean": 0.5539592214415555,
      "std": 1.1199321370710238,
      "min": -3.3832007780791082,
      "max": 3.4029823597981625,
      "median": 0.5375936355867651
    },
    "sdr_db": {
      "mean": 0.5620234310893372,
      "std": 1.1089640310697484,
      "min": -3.6662792960277457,
      "max": 3.3432085216898124,
      "median": 0.5588326375381194
    },
    "pesq": {
      "mean": 1.3502420592308044,
      "std": 0.20431657229690472,
      "min": 1.0132297277450562,
      "max": 1.8729958534240723,
      "median": 1.3420615196228027
    },
    "stoi": {
      "mean": 0.7262933702767788,
      "std": 0.10074721832594527,
      "min": 0.47185514568840803,
      "max": 0.8630292351981469,
      "median": 0.7599998247151644
    },
    "estoi": {
      "mean": 0.5400329678392776,
      "std": 0.12982247097296254,
      "min": 0.2560655864100598,
      "max": 0.7273677274664971,
      "median": 0.581683834231543
    }
  },
  "tokens_per_second": {
    "mean": 27.439431338805093,
    "std": 3.30062891683662
  },
  "compression_ratio": {
    "mean": 591.611844891403,
    "std": 71.46258690912153
  }
}