{
  "language": "ukraine",
  "dataset": "eurospeech",
  "num_samples": 100,
  "num_failed": 0,
  "metrics": {
    "mse": {
      "mean": 0.01692289725274285,
      "std": 0.007687216171761641,
      "min": 0.003057154703731722,
      "max": 0.04083705276088712,
      "median": 0.01525987437657492
    },
    "snr_db": {
      "mean": 1.4267234718264084,
      "std": 0.8488318367904054,
      "min": 0.07829459172740165,
      "max": 3.943690834385867,
      "median": 1.0870121763743534
    },
    "sdr_db": {
      "mean": 1.3539848885135262,
      "std": 0.8343307210440144,
      "min": 0.04169566844535149,
      "max": 3.786790337676501,
      "median": 0.9766275682087767
    },
    "pesq": {
      "mean": 1.2671821320056915,
      "std": 0.13400542040484467,
      "min": 1.0481970310211182,
      "max": 1.6046178340911865,
      "median": 1.2357531189918518
    },
    "stoi": {
      "mean": 0.6687774757313734,
      "std": 0.09575534912394428,
      "min": 0.2311409112093732,
      "max": 0.7917424270585869,
      "median": 0.6658066782317679
    },
    "estoi": {
      "mean": 0.49771864376792563,
      "std": 0.09223563568948094,
      "min": 0.12577534096103676,
      "max": 0.6399718882738428,
      "median": 0.4938104509968181
    }
  },
  "tokens_per_second": {
    "mean": 32.08990792087903,
    "std": 2.857088394348406
  },
  "compression_ratio": {
    "mean": 502.6592404237199,
    "std": 46.292718119931656
  }
}