{
  "language": "ka_ge",
  "dataset": "fleurs",
  "num_samples": 100,
  "num_failed": 0,
  "metrics": {
    "mse": {
      "mean": 0.01699864258059631,
      "std": 0.012778563594275871,
      "min": 0.0015692791048990513,
      "max": 0.06606353118770977,
      "median": 0.012608390584708723
    },
    "snr_db": {
      "mean": 0.5119029128745801,
      "std": 1.3696914162317697,
      "min": -3.9296565062601543,
      "max": 3.4428449857301473,
      "median": 0.5425042894099921
    },
    "sdr_db": {
      "mean": 0.44870821038787023,
      "std": 1.3110441656831708,
      "min": -4.051803424017616,
      "max": 3.418991244823429,
      "median": 0.4910673746975165
    },
    "pesq": {
      "mean": 1.2318762862682342,
      "std": 0.1109393048479569,
      "min": 1.0327017307281494,
      "max": 1.6911650896072388,
      "median": 1.2197620868682861
    },
    "stoi": {
      "mean": 0.7028849260929761,
      "std": 0.08436177689703658,
      "min": 0.4638300680170771,
      "max": 0.8451960156851315,
      "median": 0.716397746170949
    },
    "estoi": {
      "mean": 0.5229505569636923,
      "std": 0.11523580464834653,
      "min": 0.2916317388672992,
      "max": 0.7114630685557062,
      "median": 0.5311032680516812
    }
  },
  "tokens_per_second": {
    "mean": 26.20581857023384,
    "std": 2.914459381534445
  },
  "compression_ratio": {
    "mean": 618.0832975243919,
    "std": 68.27871291036288
  }
}