{
  "language": "reggae",
  "dataset": "gtzan",
  "num_samples": 25,
  "num_failed": 0,
  "metrics": {
    "mse": {
      "mean": 0.02282246622576887,
      "std": 0.007959701069345296,
      "min": 0.009266511513788331,
      "max": 0.04131941791987409,
      "median": 0.022226390672243256
    },
    "snr_db": {
      "mean": -0.2993143344361826,
      "std": 0.21038445135110637,
      "min": -0.7037299932083514,
      "max": 0.3695366387170287,
      "median": -0.29176360834217424
    },
    "sdr_db": {
      "mean": -0.31207556743391945,
      "std": 0.20550063234157565,
      "min": -0.7100592078399484,
      "max": 0.3139129930829234,
      "median": -0.31863546648900093
    },
    "pesq": {
      "mean": 1.0615567398071288,
      "std": 0.02536653566053042,
      "min": 1.0261259078979492,
      "max": 1.1372051239013672,
      "median": 1.0529662370681763
    },
    "stoi": {
      "mean": 0.5369005111730639,
      "std": 0.06083253008352198,
      "min": 0.3699107594452727,
      "max": 0.6294495124393786,
      "median": 0.5537484046670279
    },
    "estoi": {
      "mean": 0.27935933511629646,
      "std": 0.047691898596727955,
      "min": 0.18337754513144836,
      "max": 0.3702208180236434,
      "median": 0.2959942357868766
    }
  },
  "tokens_per_second": {
    "mean": 28.016881386050642,
    "std": 1.9472463495440033
  },
  "compression_ratio": {
    "mean": 790.906434505616,
    "std": 56.12351892268104
  }
}