{
  "language": "pop",
  "dataset": "gtzan",
  "num_samples": 25,
  "num_failed": 0,
  "metrics": {
    "mse": {
      "mean": 0.04557333032827061,
      "std": 0.015209232240965159,
      "min": 0.017488601525457694,
      "max": 0.08835380927186165,
      "median": 0.04665984242999603
    },
    "snr_db": {
      "mean": -0.3333772984989302,
      "std": 0.14322546737958292,
      "min": -0.7606178262595724,
      "max": -0.17341973811116587,
      "median": -0.2802502569535546
    },
    "sdr_db": {
      "mean": -0.3296609957409398,
      "std": 0.13584061311215573,
      "min": -0.7248664854318164,
      "max": -0.1776562615565616,
      "median": -0.28426428409667887
    },
    "pesq": {
      "mean": 1.0860214805603028,
      "std": 0.03342340772039928,
      "min": 1.036052942276001,
      "max": 1.1763207912445068,
      "median": 1.0785716772079468
    },
    "stoi": {
      "mean": 0.3748162317203315,
      "std": 0.07344037280096992,
      "min": 0.22191558728141375,
      "max": 0.47971747196563097,
      "median": 0.3952485911015539
    },
    "estoi": {
      "mean": 0.18400057071075668,
      "std": 0.03017378225106386,
      "min": 0.12579263249501704,
      "max": 0.25463081508733315,
      "median": 0.18452071116690305
    }
  },
  "tokens_per_second": {
    "mean": 24.03585465847523,
    "std": 1.6964676617763788
  },
  "compression_ratio": {
    "mean": 921.6783296710523,
    "std": 61.065172827855875
  }
}