{
  "language": "cmn_hans_cn",
  "dataset": "fleurs",
  "num_samples": 100,
  "num_failed": 0,
  "metrics": {
    "mse": {
      "mean": 0.011152871938556604,
      "std": 0.0044659833370699654,
      "min": 0.0034974444703827334,
      "max": 0.025028233581583667,
      "median": 0.010616556284442337
    },
    "snr_db": {
      "mean": 1.1949942269064993,
      "std": 1.685320735944718,
      "min": -2.892010886436842,
      "max": 4.930462771279538,
      "median": 1.246390570011346
    },
    "sdr_db": {
      "mean": 1.1351000975572998,
      "std": 1.779108183868493,
      "min": -4.0438069005083594,
      "max": 5.002395323498048,
      "median": 1.0548339828721736
    },
    "pesq": {
      "mean": 1.4166964316368102,
      "std": 0.22734559159173603,
      "min": 1.0544605255126953,
      "max": 1.9383583068847656,
      "median": 1.4539841413497925
    },
    "stoi": {
      "mean": 0.7260902702109375,
      "std": 0.11390086191615441,
      "min": 0.484177543537723,
      "max": 0.8721915755376535,
      "median": 0.7734773535790636
    },
    "estoi": {
      "mean": 0.5452150550688785,
      "std": 0.14728159483070571,
      "min": 0.230208117728044,
      "max": 0.7672388957512989,
      "median": 0.5885528945807854
    }
  },
  "tokens_per_second": {
    "mean": 28.46349166769625,
    "std": 4.1118820665359985
  },
  "compression_ratio": {
    "mean": 574.1216800986354,
    "std": 83.70861326469523
  }
}