{
  "language": "hu_hu",
  "dataset": "fleurs",
  "num_samples": 100,
  "num_failed": 0,
  "metrics": {
    "mse": {
      "mean": 0.010541604718807173,
      "std": 0.003783665400941808,
      "min": 0.004306380112240565,
      "max": 0.020643590488475017,
      "median": 0.00992232266257001
    },
    "snr_db": {
      "mean": 0.3116014553788972,
      "std": 1.2481213870645476,
      "min": -5.024277063232026,
      "max": 3.6813658968983587,
      "median": 0.47923645146598953
    },
    "sdr_db": {
      "mean": 0.26872597783771063,
      "std": 1.310223465124214,
      "min": -5.968096025315318,
      "max": 3.4486238089985335,
      "median": 0.44340642150281884
    },
    "pesq": {
      "mean": 1.3693027865886689,
      "std": 0.15823651397037267,
      "min": 1.0754209756851196,
      "max": 1.7598159313201904,
      "median": 1.3590466380119324
    },
    "stoi": {
      "mean": 0.6330466464727719,
      "std": 0.14485988556659124,
      "min": 0.3047667106339415,
      "max": 0.8533666787967108,
      "median": 0.6753500811672669
    },
    "estoi": {
      "mean": 0.43934908767592584,
      "std": 0.15904241241595535,
      "min": 0.14469537956158232,
      "max": 0.7224581670151333,
      "median": 0.4654288070864272
    }
  },
  "tokens_per_second": {
    "mean": 27.384256280328486,
    "std": 4.150793112044816
  },
  "compression_ratio": {
    "mean": 596.2534491421768,
    "std": 79.85515413378928
  }
}