{
  "language": "disco",
  "dataset": "gtzan",
  "num_samples": 25,
  "num_failed": 0,
  "metrics": {
    "mse": {
      "mean": 0.04436003489167849,
      "std": 0.02188361533622461,
      "min": 0.017731112826304674,
      "max": 0.08957592766441082,
      "median": 0.03928884689296988
    },
    "snr_db": {
      "mean": -0.2729861771555282,
      "std": 0.1035804880210777,
      "min": -0.5031895083119278,
      "max": -0.12853232931472564,
      "median": -0.27021378846154565
    },
    "sdr_db": {
      "mean": -0.2711314307021566,
      "std": 0.10139903440827393,
      "min": -0.4922286840115156,
      "max": -0.12553073491810096,
      "median": -0.2684475941282598
    },
    "pesq": {
      "mean": 1.0747636890411376,
      "std": 0.02654957033745584,
      "min": 1.0258116722106934,
      "max": 1.1292874813079834,
      "median": 1.0682098865509033
    },
    "stoi": {
      "mean": 0.3973455394565895,
      "std": 0.08834648894592792,
      "min": 0.2568403129989768,
      "max": 0.6049403646385663,
      "median": 0.3898258603279809
    },
    "estoi": {
      "mean": 0.20642423911984473,
      "std": 0.047905401624167586,
      "min": 0.14735256727645618,
      "max": 0.33861873163131356,
      "median": 0.2063174484980171
    }
  },
  "tokens_per_second": {
    "mean": 23.487061716211613,
    "std": 1.402096722735175
  },
  "compression_ratio": {
    "mean": 941.9376369870745,
    "std": 52.44665662930317
  }
}