{
  "language": "be_by",
  "dataset": "fleurs",
  "num_samples": 100,
  "num_failed": 0,
  "metrics": {
    "mse": {
      "mean": 0.011967296568188875,
      "std": 0.0076891815953370616,
      "min": 0.0015127414743216926,
      "max": 0.03707712090918437,
      "median": 0.010050807831023755
    },
    "snr_db": {
      "mean": 0.19449058723384302,
      "std": 0.9891352629596676,
      "min": -3.614436693875218,
      "max": 3.1033552910491617,
      "median": 0.0020057302938076872
    },
    "sdr_db": {
      "mean": 0.14246004118917527,
      "std": 0.973777153738784,
      "min": -3.560944270660123,
      "max": 3.1190153672444243,
      "median": -0.016542319359743624
    },
    "pesq": {
      "mean": 1.2698886001110077,
      "std": 0.22788395529800978,
      "min": 1.0401690006256104,
      "max": 1.9412016868591309,
      "median": 1.187261939048767
    },
    "stoi": {
      "mean": 0.6926129018281248,
      "std": 0.07417705207517031,
      "min": 0.5314524480826766,
      "max": 0.8604838687648491,
      "median": 0.691890421444356
    },
    "estoi": {
      "mean": 0.4838234960197943,
      "std": 0.074723414716468,
      "min": 0.29883661343153434,
      "max": 0.6492372727053155,
      "median": 0.48754259216748713
    }
  },
  "tokens_per_second": {
    "mean": 25.774236538722356,
    "std": 4.123599640516345
  },
  "compression_ratio": {
    "mean": 635.5157779676713,
    "std": 92.77638159910923
  }
}