{
  "language": "hi_in",
  "dataset": "fleurs",
  "num_samples": 100,
  "num_failed": 0,
  "metrics": {
    "mse": {
      "mean": 0.013492984753064867,
      "std": 0.009298512691621115,
      "min": 0.00210213483017823,
      "max": 0.04701995704329592,
      "median": 0.010536764513950738
    },
    "snr_db": {
      "mean": 0.8122081810925441,
      "std": 1.1811060444122512,
      "min": -3.06058186526315,
      "max": 4.2545111222354635,
      "median": 0.6701598731966216
    },
    "sdr_db": {
      "mean": 0.8184015018935381,
      "std": 1.186804013978569,
      "min": -3.2627006416164286,
      "max": 4.23652669514776,
      "median": 0.6947196537603346
    },
    "pesq": {
      "mean": 1.3344481015205383,
      "std": 0.18331909729737428,
      "min": 1.0453367233276367,
      "max": 1.952939510345459,
      "median": 1.3174357414245605
    },
    "stoi": {
      "mean": 0.6666322777162758,
      "std": 0.09969347761868652,
      "min": 0.4679718014773806,
      "max": 0.8578846221513267,
      "median": 0.6516315110045374
    },
    "estoi": {
      "mean": 0.4538228261240696,
      "std": 0.1273534098285048,
      "min": 0.18786247502152972,
      "max": 0.7374586993563389,
      "median": 0.4578410302607981
    }
  },
  "tokens_per_second": {
    "mean": 28.785465971819875,
    "std": 3.342596752957736
  },
  "compression_ratio": {
    "mean": 563.7221996446227,
    "std": 68.63983018511624
  }
}