{
  "language": "ro_ro",
  "dataset": "fleurs",
  "num_samples": 100,
  "num_failed": 0,
  "metrics": {
    "mse": {
      "mean": 0.011011127065005101,
      "std": 0.0066571853299597855,
      "min": 0.0001628047697897765,
      "max": 0.04346036113202482,
      "median": 0.01024388742556085
    },
    "snr_db": {
      "mean": 1.3517286749118735,
      "std": 1.4186353811921162,
      "min": -3.5225088759320258,
      "max": 3.7000996635661054,
      "median": 1.572943960975199
    },
    "sdr_db": {
      "mean": 1.3605780153902745,
      "std": 1.470887165969543,
      "min": -4.0743985751621326,
      "max": 4.387170396995038,
      "median": 1.559393061323906
    },
    "pesq": {
      "mean": 1.4401577341556548,
      "std": 0.25937647496396465,
      "min": 1.0480177402496338,
      "max": 1.9935050010681152,
      "median": 1.3816066980361938
    },
    "stoi": {
      "mean": 0.6978620004740386,
      "std": 0.11887816523221409,
      "min": 0.42902419948231346,
      "max": 0.8797958437997295,
      "median": 0.7150397652225564
    },
    "estoi": {
      "mean": 0.519696588672375,
      "std": 0.13835826041242166,
      "min": 0.24110865906947745,
      "max": 0.7489798316879573,
      "median": 0.5238526615507009
    }
  },
  "tokens_per_second": {
    "mean": 28.300359967212767,
    "std": 3.6448098672674063
  },
  "compression_ratio": {
    "mean": 575.3675807712858,
    "std": 78.37886530186623
  }
}