{
  "language": "he_il",
  "dataset": "fleurs",
  "num_samples": 100,
  "num_failed": 0,
  "metrics": {
    "mse": {
      "mean": 0.013870533794585256,
      "std": 0.009220594969688776,
      "min": 0.0016583289268114081,
      "max": 0.04711092911736905,
      "median": 0.011321145436866329
    },
    "snr_db": {
      "mean": 0.9854558580025757,
      "std": 1.7759833712465236,
      "min": -5.718843998848023,
      "max": 3.5005612927400653,
      "median": 1.427745275974262
    },
    "sdr_db": {
      "mean": 0.9566585135249397,
      "std": 1.8445809745932855,
      "min": -6.007371344818252,
      "max": 3.477025238148199,
      "median": 1.440378932151848
    },
    "pesq": {
      "mean": 1.3842283129692077,
      "std": 0.2510473551139321,
      "min": 1.0130023956298828,
      "max": 2.19417667388916,
      "median": 1.3531016111373901
    },
    "stoi": {
      "mean": 0.6834520963100951,
      "std": 0.11175232935102847,
      "min": 0.4279352598890986,
      "max": 0.8870613660227449,
      "median": 0.6820291256612894
    },
    "estoi": {
      "mean": 0.4857529024237543,
      "std": 0.12458682995275251,
      "min": 0.22134679459202888,
      "max": 0.7208040353971908,
      "median": 0.4938418598312746
    }
  },
  "tokens_per_second": {
    "mean": 31.665450045277247,
    "std": 3.3204219032250823
  },
  "compression_ratio": {
    "mean": 511.76586982132653,
    "std": 62.72417647732706
  }
}