{
  "language": "vi_vn",
  "dataset": "fleurs",
  "num_samples": 100,
  "num_failed": 0,
  "metrics": {
    "mse": {
      "mean": 0.009393731822602476,
      "std": 0.0070374945166615565,
      "min": 0.0007736849864480969,
      "max": 0.03914081616086678,
      "median": 0.007252522324594909
    },
    "snr_db": {
      "mean": -0.09135594158493784,
      "std": 1.2121142803566032,
      "min": -2.1901767310831084,
      "max": 3.355390822065986,
      "median": -0.25731257666181984
    },
    "sdr_db": {
      "mean": -0.11789592844570172,
      "std": 1.2621235367982684,
      "min": -2.680623889505265,
      "max": 3.347927465284721,
      "median": -0.24528592119515102
    },
    "pesq": {
      "mean": 1.2200324368476867,
      "std": 0.14019930522970045,
      "min": 1.0395957231521606,
      "max": 1.6153517961502075,
      "median": 1.1732717752456665
    },
    "stoi": {
      "mean": 0.693290274457238,
      "std": 0.08800768075139706,
      "min": 0.4832660031189004,
      "max": 0.8173344633286274,
      "median": 0.7126229133672375
    },
    "estoi": {
      "mean": 0.4922261731499356,
      "std": 0.12025217571849324,
      "min": 0.20344339985216944,
      "max": 0.6971042494275419,
      "median": 0.5076226999678153
    }
  },
  "tokens_per_second": {
    "mean": 26.32961033797584,
    "std": 3.46591095193763
  },
  "compression_ratio": {
    "mean": 617.6472064920133,
    "std": 76.36825713352914
  }
}