{
  "language": "slovenia",
  "dataset": "eurospeech",
  "num_samples": 100,
  "num_failed": 0,
  "metrics": {
    "mse": {
      "mean": 0.01883824980910763,
      "std": 0.006912062902492751,
      "min": 0.004809198248306642,
      "max": 0.03717122586271141,
      "median": 0.017815024500947418
    },
    "snr_db": {
      "mean": 0.7533038452449009,
      "std": 0.598854626759751,
      "min": -1.9403951745506498,
      "max": 2.1210981799015896,
      "median": 0.6152442296529658
    },
    "sdr_db": {
      "mean": 0.7126884573576605,
      "std": 0.6394925901229389,
      "min": -1.831007088716385,
      "max": 2.147290641089294,
      "median": 0.6074423352443306
    },
    "pesq": {
      "mean": 1.2383554708957671,
      "std": 0.0449951390687079,
      "min": 1.1603598594665527,
      "max": 1.3621430397033691,
      "median": 1.2333571910858154
    },
    "stoi": {
      "mean": 0.6916398242599923,
      "std": 0.05257316826892091,
      "min": 0.4603166221446343,
      "max": 0.7739638137020799,
      "median": 0.7033309069448175
    },
    "estoi": {
      "mean": 0.5054055616360437,
      "std": 0.07081684641574988,
      "min": 0.2914571663430371,
      "max": 0.6111923617520761,
      "median": 0.5115129875707372
    }
  },
  "tokens_per_second": {
    "mean": 32.13935220127152,
    "std": 2.3136447523529395
  },
  "compression_ratio": {
    "mean": 500.45950117838254,
    "std": 36.608944518866025
  }
}