{
  "language": "ta_in",
  "dataset": "fleurs",
  "num_samples": 100,
  "num_failed": 0,
  "metrics": {
    "mse": {
      "mean": 0.0166508174989455,
      "std": 0.018258270349878352,
      "min": 0.00036721885255226386,
      "max": 0.16328570547574905,
      "median": 0.01381102910653197
    },
    "snr_db": {
      "mean": 1.5510089093656756,
      "std": 1.4142519882501712,
      "min": -1.973695011090165,
      "max": 4.548546553135669,
      "median": 1.8489311361823177
    },
    "sdr_db": {
      "mean": 1.565153467118704,
      "std": 1.4086223394832305,
      "min": -2.075462742030019,
      "max": 4.574867239509445,
      "median": 1.8144156675183185
    },
    "pesq": {
      "mean": 1.3887512791156769,
      "std": 0.2222567404895857,
      "min": 1.0273833274841309,
      "max": 1.9642915725708008,
      "median": 1.3651525974273682
    },
    "stoi": {
      "mean": 0.7053367061871861,
      "std": 0.12005575851789686,
      "min": 0.30270519547828123,
      "max": 0.8506402849104617,
      "median": 0.7417969219019431
    },
    "estoi": {
      "mean": 0.5291282107707345,
      "std": 0.15143583732335386,
      "min": 0.14513824531185315,
      "max": 0.7549260805690443,
      "median": 0.5637358695255926
    }
  },
  "tokens_per_second": {
    "mean": 30.431509974211618,
    "std": 4.143686083174215
  },
  "compression_ratio": {
    "mean": 536.4700728086102,
    "std": 79.76800298778882
  }
}