{
  "language": "uk",
  "dataset": "eurospeech",
  "num_samples": 100,
  "num_failed": 0,
  "metrics": {
    "mse": {
      "mean": 0.00595327520963143,
      "std": 0.002385671140548207,
      "min": 0.0019141854652575897,
      "max": 0.01313268736158832,
      "median": 0.005499420852424375
    },
    "snr_db": {
      "mean": 0.10619614497255435,
      "std": 0.6738079498965212,
      "min": -1.806034590054166,
      "max": 1.583189699024396,
      "median": 0.11872331565559488
    },
    "sdr_db": {
      "mean": 0.09280163226699026,
      "std": 0.6812473089926654,
      "min": -1.7037642398602681,
      "max": 1.7020057068651926,
      "median": 0.16565811594589888
    },
    "pesq": {
      "mean": 1.3491308772563935,
      "std": 0.12375381727940495,
      "min": 1.1657878160476685,
      "max": 1.6338493824005127,
      "median": 1.2985460758209229
    },
    "stoi": {
      "mean": 0.7585637100999669,
      "std": 0.03501061976824756,
      "min": 0.6486478785192246,
      "max": 0.8211377586874916,
      "median": 0.7625275617885646
    },
    "estoi": {
      "mean": 0.5479626292779199,
      "std": 0.06037727696617819,
      "min": 0.4048875026301715,
      "max": 0.6743113074212389,
      "median": 0.5589058575677166
    }
  },
  "tokens_per_second": {
    "mean": 29.112221290347634,
    "std": 1.2007444805345302
  },
  "compression_ratio": {
    "mean": 550.5064318501343,
    "std": 22.090871296768313
  }
}