{
  "language": "lithuania",
  "dataset": "eurospeech",
  "num_samples": 100,
  "num_failed": 0,
  "metrics": {
    "mse": {
      "mean": 0.015197089014071406,
      "std": 0.00853776029799085,
      "min": 0.002179424856932619,
      "max": 0.034779467205057556,
      "median": 0.013457432062202805
    },
    "snr_db": {
      "mean": 0.959338438064898,
      "std": 0.9410619553541099,
      "min": -0.9291793457406701,
      "max": 3.521197003138687,
      "median": 1.0284937147150754
    },
    "sdr_db": {
      "mean": 0.6364339190348028,
      "std": 1.943152174288849,
      "min": -16.49560088090188,
      "max": 2.9073202060842,
      "median": 0.7739432088497378
    },
    "pesq": {
      "mean": 1.3240651524066924,
      "std": 0.10953040981957203,
      "min": 1.136589765548706,
      "max": 1.9097557067871094,
      "median": 1.2968759536743164
    },
    "stoi": {
      "mean": 0.7591137166898615,
      "std": 0.09048316180486998,
      "min": 0.3348084989514986,
      "max": 0.8537432033345256,
      "median": 0.7826774064356856
    },
    "estoi": {
      "mean": 0.5847704104710689,
      "std": 0.10167202794429368,
      "min": 0.16155386086717494,
      "max": 0.71429485778823,
      "median": 0.614524674178615
    }
  },
  "tokens_per_second": {
    "mean": 30.5160407308878,
    "std": 2.4221204447530646
  },
  "compression_ratio": {
    "mean": 527.9322079275331,
    "std": 45.94170502945158
  }
}