{
  "language": "finland",
  "dataset": "eurospeech",
  "num_samples": 100,
  "num_failed": 0,
  "metrics": {
    "mse": {
      "mean": 0.02714788644946807,
      "std": 0.018035082638642234,
      "min": 0.0024728231459674303,
      "max": 0.06628133878419908,
      "median": 0.019067812619789674
    },
    "snr_db": {
      "mean": 0.17363558876537188,
      "std": 0.9088538824024546,
      "min": -4.871019355065218,
      "max": 2.4784828967631625,
      "median": -0.006462156690761646
    },
    "sdr_db": {
      "mean": 0.14397505189678728,
      "std": 0.928195417558176,
      "min": -4.819597533355616,
      "max": 2.372051276395535,
      "median": -0.029124214282721588
    },
    "pesq": {
      "mean": 1.300452506542206,
      "std": 0.09903733768036564,
      "min": 1.0661059617996216,
      "max": 1.6122028827667236,
      "median": 1.2856321930885315
    },
    "stoi": {
      "mean": 0.6797204433078672,
      "std": 0.15509615759741405,
      "min": 0.010995713936784902,
      "max": 0.8187771838691734,
      "median": 0.7203963183009578
    },
    "estoi": {
      "mean": 0.4552889459621117,
      "std": 0.1291875417586391,
      "min": 0.026941764480017918,
      "max": 0.6476520380371402,
      "median": 0.4629913308813601
    }
  },
  "tokens_per_second": {
    "mean": 30.14175746000857,
    "std": 3.9865899249378662
  },
  "compression_ratio": {
    "mean": 540.0104271708918,
    "std": 70.43954320469716
  }
}