{
  "language": "cy_gb",
  "dataset": "fleurs",
  "num_samples": 100,
  "num_failed": 0,
  "metrics": {
    "mse": {
      "mean": 0.01154627654076137,
      "std": 0.007768980791257439,
      "min": 0.001894547246152011,
      "max": 0.03758092011055148,
      "median": 0.009258567523254789
    },
    "snr_db": {
      "mean": -0.32127444214052475,
      "std": 1.8792053598112426,
      "min": -8.563119379589097,
      "max": 2.5950034834551463,
      "median": -0.013837419171239531
    },
    "sdr_db": {
      "mean": -0.34088585413079026,
      "std": 1.8614243942851167,
      "min": -8.563119352391912,
      "max": 2.515684020212201,
      "median": -0.012047525268851044
    },
    "pesq": {
      "mean": 1.2733645464511627,
      "std": 0.16662188445154225,
      "min": 1.0161831378936768,
      "max": 1.795759916305542,
      "median": 1.2530670166015625
    },
    "stoi": {
      "mean": 0.6248356986479383,
      "std": 0.16733082947628372,
      "min": 0.18699426521690085,
      "max": 0.8376031336546189,
      "median": 0.6707213697938115
    },
    "estoi": {
      "mean": 0.4056400314938965,
      "std": 0.20595063761968743,
      "min": -0.029395196695810758,
      "max": 0.7246861146725689,
      "median": 0.46984905243209235
    }
  },
  "tokens_per_second": {
    "mean": 24.30925397816515,
    "std": 2.5665720937776557
  },
  "compression_ratio": {
    "mean": 665.1466402646979,
    "std": 66.32262733503346
  }
}