{
  "language": "id_id",
  "dataset": "fleurs",
  "num_samples": 100,
  "num_failed": 0,
  "metrics": {
    "mse": {
      "mean": 0.014287336151332961,
      "std": 0.008372909638101758,
      "min": 0.004216742302548197,
      "max": 0.047461753822944375,
      "median": 0.012075348458064458
    },
    "snr_db": {
      "mean": 0.997626461510468,
      "std": 0.9934630600638144,
      "min": -1.9371752786356586,
      "max": 3.467219135436708,
      "median": 1.0368007170921776
    },
    "sdr_db": {
      "mean": 0.9967924981960511,
      "std": 0.9839467637244069,
      "min": -1.9705107062112504,
      "max": 3.394626868080881,
      "median": 1.0259011652775836
    },
    "pesq": {
      "mean": 1.3439934194087981,
      "std": 0.19295883326911575,
      "min": 1.0314351320266724,
      "max": 2.0155436992645264,
      "median": 1.32743501663208
    },
    "stoi": {
      "mean": 0.6702446349301873,
      "std": 0.11608575973370097,
      "min": 0.3026031339718907,
      "max": 0.8594432561231474,
      "median": 0.6897013933041649
    },
    "estoi": {
      "mean": 0.4693864443059061,
      "std": 0.13221994277824048,
      "min": 0.13134666731656586,
      "max": 0.7296464205530805,
      "median": 0.4659364254551047
    }
  },
  "tokens_per_second": {
    "mean": 29.461149326408822,
    "std": 3.727052989894788
  },
  "compression_ratio": {
    "mean": 551.9928159311031,
    "std": 71.25541078773654
  }
}