{
  "language": "lb_lu",
  "dataset": "fleurs",
  "num_samples": 100,
  "num_failed": 0,
  "metrics": {
    "mse": {
      "mean": 0.011410956147526461,
      "std": 0.005917430020531014,
      "min": 0.0007039431422125874,
      "max": 0.029132635917891576,
      "median": 0.009813388148495594
    },
    "snr_db": {
      "mean": 0.1143017796645665,
      "std": 0.8605890278948904,
      "min": -2.3951870750004036,
      "max": 2.043997870655563,
      "median": 0.00347354783338519
    },
    "sdr_db": {
      "mean": 0.033274474454851044,
      "std": 0.9503603115065169,
      "min": -2.394724121035421,
      "max": 2.41570628055273,
      "median": -0.028476922114655624
    },
    "pesq": {
      "mean": 1.3480972695350646,
      "std": 0.18845859582947408,
      "min": 1.0256052017211914,
      "max": 1.7397279739379883,
      "median": 1.3715776801109314
    },
    "stoi": {
      "mean": 0.7265702954549067,
      "std": 0.11075463462639831,
      "min": 0.3709517683207555,
      "max": 0.8698305766228892,
      "median": 0.7547098813750494
    },
    "estoi": {
      "mean": 0.5256118387428318,
      "std": 0.13681681689561984,
      "min": 0.14115249373506972,
      "max": 0.7433331013399224,
      "median": 0.5528491746016442
    }
  },
  "tokens_per_second": {
    "mean": 25.40379428266479,
    "std": 3.1381191169936016
  },
  "compression_ratio": {
    "mean": 639.327744426811,
    "std": 77.20874629571199
  }
}