{
  "language": "ko_kr",
  "dataset": "fleurs",
  "num_samples": 100,
  "num_failed": 0,
  "metrics": {
    "mse": {
      "mean": 0.012681131090268334,
      "std": 0.006125736542358285,
      "min": 0.00071954388259011,
      "max": 0.028406590321085362,
      "median": 0.013877274670521285
    },
    "snr_db": {
      "mean": 0.6578145806400246,
      "std": 1.4064804053905116,
      "min": -3.2192265471415555,
      "max": 3.5208508207977047,
      "median": 0.7155030983975719
    },
    "sdr_db": {
      "mean": 0.4948072860525975,
      "std": 1.630254961118202,
      "min": -5.13422071843167,
      "max": 3.6107849303661586,
      "median": 0.46797816393015734
    },
    "pesq": {
      "mean": 1.2901773977279662,
      "std": 0.23294307775057518,
      "min": 1.02571702003479,
      "max": 2.100466012954712,
      "median": 1.2572399973869324
    },
    "stoi": {
      "mean": 0.6355845449100181,
      "std": 0.12805900441905146,
      "min": 0.32454226340516135,
      "max": 0.8588895057099581,
      "median": 0.6312023108952183
    },
    "estoi": {
      "mean": 0.45690932067695333,
      "std": 0.14864159791313855,
      "min": 0.2047598864111777,
      "max": 0.7105513211507716,
      "median": 0.44289656526632826
    }
  },
  "tokens_per_second": {
    "mean": 26.09512677466268,
    "std": 2.5582796582916236
  },
  "compression_ratio": {
    "mean": 619.1604548705218,
    "std": 61.772359075780685
  }
}