{
  "language": "af_za",
  "dataset": "fleurs",
  "num_samples": 100,
  "num_failed": 0,
  "metrics": {
    "mse": {
      "mean": 0.013022601936370093,
      "std": 0.007509199821674506,
      "min": 0.00047755959041037517,
      "max": 0.030524488074203927,
      "median": 0.01313123224470509
    },
    "snr_db": {
      "mean": 1.2436719934287968,
      "std": 1.6987595347887288,
      "min": -0.7195939516772272,
      "max": 5.451786451385509,
      "median": 0.28858737763438375
    },
    "sdr_db": {
      "mean": 1.1854920189834062,
      "std": 1.6387142145696099,
      "min": -0.6527416850519054,
      "max": 5.127954121519807,
      "median": 0.275040416979964
    },
    "pesq": {
      "mean": 1.338600479364395,
      "std": 0.3411454687059371,
      "min": 1.0264801979064941,
      "max": 2.055497646331787,
      "median": 1.1176689863204956
    },
    "stoi": {
      "mean": 0.6318950890685495,
      "std": 0.14412378623219466,
      "min": 0.3966576479169847,
      "max": 0.8512049036652177,
      "median": 0.5956869748866875
    },
    "estoi": {
      "mean": 0.4504412405268495,
      "std": 0.18617127039292483,
      "min": 0.1607802411187637,
      "max": 0.7506102486204632,
      "median": 0.37549547407304273
    }
  },
  "tokens_per_second": {
    "mean": 26.673880881446973,
    "std": 2.7842209434575036
  },
  "compression_ratio": {
    "mean": 606.0644056975559,
    "std": 60.08711981607465
  }
}