{
  "language": "bn_in",
  "dataset": "fleurs",
  "num_samples": 100,
  "num_failed": 0,
  "metrics": {
    "mse": {
      "mean": 0.011437078694373983,
      "std": 0.005518587201561249,
      "min": 0.0016564849225309125,
      "max": 0.03088765379283193,
      "median": 0.010840985684205186
    },
    "snr_db": {
      "mean": 1.2432404412013631,
      "std": 1.6384564605584797,
      "min": -2.667931648319154,
      "max": 5.244930932142648,
      "median": 0.9327481695376993
    },
    "sdr_db": {
      "mean": 1.2758377341235814,
      "std": 1.6481854215661138,
      "min": -2.6669027925971545,
      "max": 5.211638205212196,
      "median": 0.9375507554582748
    },
    "pesq": {
      "mean": 1.3033933866024017,
      "std": 0.1867475978034134,
      "min": 1.040659785270691,
      "max": 1.8207542896270752,
      "median": 1.2691617012023926
    },
    "stoi": {
      "mean": 0.6545712471195838,
      "std": 0.10752095641971364,
      "min": 0.4378896507912183,
      "max": 0.8539069796426503,
      "median": 0.6715954840306675
    },
    "estoi": {
      "mean": 0.44601882270593507,
      "std": 0.12846308077496643,
      "min": 0.23381794976083378,
      "max": 0.715213040344572,
      "median": 0.45709574265029096
    }
  },
  "tokens_per_second": {
    "mean": 29.018769866445467,
    "std": 3.667111868822975
  },
  "compression_ratio": {
    "mean": 560.2500665200173,
    "std": 70.76437402833159
  }
}