{
  "language": "am_et",
  "dataset": "fleurs",
  "num_samples": 100,
  "num_failed": 0,
  "metrics": {
    "mse": {
      "mean": 0.01137586450432143,
      "std": 0.006499697548991838,
      "min": 0.0016612476999623498,
      "max": 0.03127077458588385,
      "median": 0.010521264098545147
    },
    "snr_db": {
      "mean": -0.3806571424961819,
      "std": 2.1442931468445567,
      "min": -9.55731688732383,
      "max": 2.8328783978655645,
      "median": -0.38963523804379463
    },
    "sdr_db": {
      "mean": -0.4527738926388286,
      "std": 2.10534598126695,
      "min": -9.857885463480406,
      "max": 2.862165755429345,
      "median": -0.3382885522604279
    },
    "pesq": {
      "mean": 1.238223512172699,
      "std": 0.21607307618161783,
      "min": 1.032214641571045,
      "max": 1.8222553730010986,
      "median": 1.1494401693344116
    },
    "stoi": {
      "mean": 0.597844568551794,
      "std": 0.1410024276755799,
      "min": 0.3355164213877251,
      "max": 0.840804924590092,
      "median": 0.5784634939060966
    },
    "estoi": {
      "mean": 0.40045768237295726,
      "std": 0.15074389418996637,
      "min": 0.1492719424035731,
      "max": 0.7070230680684632,
      "median": 0.3574066404714193
    }
  },
  "tokens_per_second": {
    "mean": 25.373458766289662,
    "std": 3.0605463187561495
  },
  "compression_ratio": {
    "mean": 639.5581078940586,
    "std": 74.72735223969543
  }
}