{
  "language": "ja_jp",
  "dataset": "fleurs",
  "num_samples": 100,
  "num_failed": 0,
  "metrics": {
    "mse": {
      "mean": 0.012061149174825161,
      "std": 0.005976790590332643,
      "min": 0.0019509256636337177,
      "max": 0.0364136833377741,
      "median": 0.01085982963815095
    },
    "snr_db": {
      "mean": 1.1353095675967182,
      "std": 1.2584735362939665,
      "min": -1.4053029704199358,
      "max": 4.327136289035184,
      "median": 0.9996208572367681
    },
    "sdr_db": {
      "mean": 1.035270485828028,
      "std": 1.3450302143312431,
      "min": -3.839318220804196,
      "max": 4.646127596003655,
      "median": 0.7772146606003081
    },
    "pesq": {
      "mean": 1.244282501935959,
      "std": 0.1203398821078064,
      "min": 1.0212117433547974,
      "max": 1.683624267578125,
      "median": 1.2451380491256714
    },
    "stoi": {
      "mean": 0.6690517853385322,
      "std": 0.10144426177470675,
      "min": 0.4333370897432342,
      "max": 0.8304618530489905,
      "median": 0.6665716710516382
    },
    "estoi": {
      "mean": 0.48060293321160796,
      "std": 0.13550559232079074,
      "min": 0.2427987339051412,
      "max": 0.7364845398223671,
      "median": 0.4813876751751049
    }
  },
  "tokens_per_second": {
    "mean": 26.94152073892841,
    "std": 3.245568599723972
  },
  "compression_ratio": {
    "mean": 602.9369934061284,
    "std": 75.59244722063087
  }
}