{
  "language": "classical",
  "dataset": "gtzan",
  "num_samples": 25,
  "num_failed": 0,
  "metrics": {
    "mse": {
      "mean": 0.018273807851823302,
      "std": 0.007625037880851952,
      "min": 0.004857631914039538,
      "max": 0.03747615752695114,
      "median": 0.016594343632635237
    },
    "snr_db": {
      "mean": -0.237941297853275,
      "std": 0.30836766548574646,
      "min": -1.4056898897074876,
      "max": -0.01680341241357207,
      "median": -0.15328793194408594
    },
    "sdr_db": {
      "mean": -0.23844839646900126,
      "std": 0.2890147774414682,
      "min": -1.4534677987376055,
      "max": -0.01780463036261977,
      "median": -0.1757865794814514
    },
    "pesq": {
      "mean": 1.0763901233673097,
      "std": 0.029578160812676117,
      "min": 1.0313917398452759,
      "max": 1.1481400728225708,
      "median": 1.0725595951080322
    },
    "stoi": {
      "mean": 0.280544564998143,
      "std": 0.06283399823890504,
      "min": 0.16565751194881648,
      "max": 0.4077250902965989,
      "median": 0.28129795020307513
    },
    "estoi": {
      "mean": 0.13386891381297647,
      "std": 0.02441404292512404,
      "min": 0.09333063413717775,
      "max": 0.1974676383225163,
      "median": 0.13051662803192352
    }
  },
  "tokens_per_second": {
    "mean": 27.042647712127952,
    "std": 2.8423944520069755
  },
  "compression_ratio": {
    "mean": 824.2941561184967,
    "std": 85.38778310436275
  }
}