{
  "language": "bosnia-herzegovina",
  "dataset": "eurospeech",
  "num_samples": 100,
  "num_failed": 0,
  "metrics": {
    "mse": {
      "mean": 0.00892721058516075,
      "std": 0.0038290905050655864,
      "min": 0.0022110945947699944,
      "max": 0.022004066174491636,
      "median": 0.009074494820496538
    },
    "snr_db": {
      "mean": 0.19356323577155218,
      "std": 0.7417265642144059,
      "min": -1.3192207483981488,
      "max": 1.7239409750712182,
      "median": 0.12124883684613749
    },
    "sdr_db": {
      "mean": 0.17782558212377186,
      "std": 0.7295196473658278,
      "min": -1.2068205247127008,
      "max": 1.659371494697321,
      "median": 0.10027780494300353
    },
    "pesq": {
      "mean": 1.3519765865802764,
      "std": 0.1132537623484813,
      "min": 1.1127674579620361,
      "max": 1.6039847135543823,
      "median": 1.3496655225753784
    },
    "stoi": {
      "mean": 0.732346463652269,
      "std": 0.05149348039088607,
      "min": 0.5077688925057358,
      "max": 0.8243759232650519,
      "median": 0.7394626888360889
    },
    "estoi": {
      "mean": 0.4907172623003408,
      "std": 0.060656853145710996,
      "min": 0.30718899472336,
      "max": 0.6046522297870465,
      "median": 0.5030760297260031
    }
  },
  "tokens_per_second": {
    "mean": 29.09434333314878,
    "std": 3.3618170460838637
  },
  "compression_ratio": {
    "mean": 556.7643107716754,
    "std": 59.56681357428638
  }
}