{
  "language": "ca_es",
  "dataset": "fleurs",
  "num_samples": 100,
  "num_failed": 0,
  "metrics": {
    "mse": {
      "mean": 0.013152928209920273,
      "std": 0.008336044330513548,
      "min": 0.0024096041906649848,
      "max": 0.04407831133239071,
      "median": 0.010674915378348061
    },
    "snr_db": {
      "mean": 0.5499226385756066,
      "std": 1.864190819419427,
      "min": -3.992682160514105,
      "max": 4.157080903877672,
      "median": 0.8792304494230954
    },
    "sdr_db": {
      "mean": 0.5522564345640447,
      "std": 1.8708646888588145,
      "min": -4.083014395195683,
      "max": 3.922293516802893,
      "median": 0.8276119936907234
    },
    "pesq": {
      "mean": 1.3654448401927948,
      "std": 0.21489895390335623,
      "min": 1.0630552768707275,
      "max": 1.970620036125183,
      "median": 1.3431910276412964
    },
    "stoi": {
      "mean": 0.7009227747310702,
      "std": 0.12917078492804873,
      "min": 0.3709664762878816,
      "max": 0.861939994607001,
      "median": 0.7261322051904092
    },
    "estoi": {
      "mean": 0.5256933340433999,
      "std": 0.14136331829632573,
      "min": 0.23071614661640055,
      "max": 0.7653617672900279,
      "median": 0.5428963636525337
    }
  },
  "tokens_per_second": {
    "mean": 28.76120498831645,
    "std": 3.9527462599027956
  },
  "compression_ratio": {
    "mean": 567.4756437253549,
    "std": 82.14218388997237
  }
}