{
  "language": "ru_ru",
  "dataset": "fleurs",
  "num_samples": 100,
  "num_failed": 0,
  "metrics": {
    "mse": {
      "mean": 0.012433244019436449,
      "std": 0.0068475994258517985,
      "min": 0.002286443387893958,
      "max": 0.03496343658250009,
      "median": 0.011781180677112035
    },
    "snr_db": {
      "mean": 0.8178202230477616,
      "std": 1.262188993625869,
      "min": -2.713812612375108,
      "max": 4.061643562092581,
      "median": 1.010905124266609
    },
    "sdr_db": {
      "mean": 0.6545145896617314,
      "std": 1.4918982746062506,
      "min": -3.6609271059404596,
      "max": 4.066512647219845,
      "median": 0.8069091610635446
    },
    "pesq": {
      "mean": 1.366760209798813,
      "std": 0.22286720725043938,
      "min": 1.0363997220993042,
      "max": 1.9564577341079712,
      "median": 1.3847843408584595
    },
    "stoi": {
      "mean": 0.7122652769309841,
      "std": 0.10188999686154798,
      "min": 0.4216386329214224,
      "max": 0.8629647808851506,
      "median": 0.7413808360572214
    },
    "estoi": {
      "mean": 0.5147761246632344,
      "std": 0.12569403839289536,
      "min": 0.19229237246599828,
      "max": 0.7535186328076171,
      "median": 0.5202149481308485
    }
  },
  "tokens_per_second": {
    "mean": 27.59945829277457,
    "std": 3.824460054677515
  },
  "compression_ratio": {
    "mean": 591.0087102618237,
    "std": 82.19347866299255
  }
}