{
  "language": "pl_pl",
  "dataset": "fleurs",
  "num_samples": 100,
  "num_failed": 0,
  "metrics": {
    "mse": {
      "mean": 0.009906950591177612,
      "std": 0.005873327880364966,
      "min": 0.0007883768320490341,
      "max": 0.026217763516976557,
      "median": 0.009680433344298345
    },
    "snr_db": {
      "mean": -0.25652945464331967,
      "std": 1.3232372075683736,
      "min": -3.1613800222560364,
      "max": 3.0191258137377623,
      "median": -0.04655240737855982
    },
    "sdr_db": {
      "mean": -0.296046400978134,
      "std": 1.409109399993509,
      "min": -3.9031160507921947,
      "max": 3.0204985603612933,
      "median": -0.06592616468776934
    },
    "pesq": {
      "mean": 1.2733235323429108,
      "std": 0.2123361142634814,
      "min": 1.0189865827560425,
      "max": 1.9163919687271118,
      "median": 1.245335340499878
    },
    "stoi": {
      "mean": 0.6523905024499349,
      "std": 0.09815470418004235,
      "min": 0.431688077836547,
      "max": 0.8744438631336011,
      "median": 0.6393544141212978
    },
    "estoi": {
      "mean": 0.4526139326567749,
      "std": 0.1249271932288154,
      "min": 0.23724507644954834,
      "max": 0.7172420539279135,
      "median": 0.458964037912859
    }
  },
  "tokens_per_second": {
    "mean": 25.423150399621644,
    "std": 3.135625532254212
  },
  "compression_ratio": {
    "mean": 638.7514470977004,
    "std": 76.52951301080533
  }
}