{
  "language": "yue_hant_hk",
  "dataset": "fleurs",
  "num_samples": 100,
  "num_failed": 0,
  "metrics": {
    "mse": {
      "mean": 0.010475426455385633,
      "std": 0.0047070056416712285,
      "min": 0.0028266068848906067,
      "max": 0.027122980572583784,
      "median": 0.009823254412117744
    },
    "snr_db": {
      "mean": -0.30576452296503814,
      "std": 1.813382800229055,
      "min": -6.026100074889873,
      "max": 2.517462128684306,
      "median": 0.18284707091347874
    },
    "sdr_db": {
      "mean": -0.3733796920533015,
      "std": 2.087338485785424,
      "min": -7.207232406403674,
      "max": 2.9297972945295,
      "median": 0.08186609033398821
    },
    "pesq": {
      "mean": 1.2349446082115174,
      "std": 0.19335414734281883,
      "min": 1.0299385786056519,
      "max": 1.8576607704162598,
      "median": 1.1523131728172302
    },
    "stoi": {
      "mean": 0.6130784735439299,
      "std": 0.13111865246509521,
      "min": 0.3681361859280572,
      "max": 0.8865292282414237,
      "median": 0.6040641742447972
    },
    "estoi": {
      "mean": 0.41223948515813047,
      "std": 0.14535263850177768,
      "min": 0.1842516674911033,
      "max": 0.8236085566693412,
      "median": 0.4155602764641627
    }
  },
  "tokens_per_second": {
    "mean": 25.83346480043198,
    "std": 3.394120050105784
  },
  "compression_ratio": {
    "mean": 630.2005280552737,
    "std": 82.86023316755352
  }
}