{
  "language": "malta",
  "dataset": "eurospeech",
  "num_samples": 100,
  "num_failed": 0,
  "metrics": {
    "mse": {
      "mean": 0.012125834590875401,
      "std": 0.004713913402145758,
      "min": 0.0031353909507905444,
      "max": 0.02265853135295394,
      "median": 0.012858208932360017
    },
    "snr_db": {
      "mean": -0.2233390849772068,
      "std": 0.26786465946317106,
      "min": -0.84020804584203,
      "max": 0.5916442741816026,
      "median": -0.25285152815379774
    },
    "sdr_db": {
      "mean": -0.24664408015923253,
      "std": 0.2503055346205417,
      "min": -0.809779514279361,
      "max": 0.46513834481171,
      "median": -0.24810281064938589
    },
    "pesq": {
      "mean": 1.2698667180538177,
      "std": 0.05578171967793094,
      "min": 1.1323554515838623,
      "max": 1.3960328102111816,
      "median": 1.2624845504760742
    },
    "stoi": {
      "mean": 0.6071729004729058,
      "std": 0.08672020160360897,
      "min": 0.40395614740765956,
      "max": 0.7085846738761831,
      "median": 0.6461200972785188
    },
    "estoi": {
      "mean": 0.3557586893513319,
      "std": 0.07565441169101617,
      "min": 0.20843894253978673,
      "max": 0.47109112229513295,
      "median": 0.3790294425588967
    }
  },
  "tokens_per_second": {
    "mean": 26.98247329770491,
    "std": 1.515988959449713
  },
  "compression_ratio": {
    "mean": 594.8232681966551,
    "std": 32.93685997735092
  }
}