{
  "language": "portugal",
  "dataset": "eurospeech",
  "num_samples": 100,
  "num_failed": 0,
  "metrics": {
    "mse": {
      "mean": 0.007716105836894938,
      "std": 0.0025294599143139557,
      "min": 0.001953401492774203,
      "max": 0.01985279058314118,
      "median": 0.007649125463124135
    },
    "snr_db": {
      "mean": 0.8311358680898219,
      "std": 1.0009613098771546,
      "min": -1.1224641243385887,
      "max": 3.4398815710481156,
      "median": 0.519606307253011
    },
    "sdr_db": {
      "mean": 0.8262384282201435,
      "std": 1.0284516267793529,
      "min": -1.1358623211781524,
      "max": 3.4775606976130513,
      "median": 0.5319641209133887
    },
    "pesq": {
      "mean": 1.4345798993110657,
      "std": 0.08398885973489152,
      "min": 1.1551578044891357,
      "max": 1.6454930305480957,
      "median": 1.4298158288002014
    },
    "stoi": {
      "mean": 0.736322872418983,
      "std": 0.04879135056245034,
      "min": 0.43900830860330886,
      "max": 0.8064566246878601,
      "median": 0.7449990250510592
    },
    "estoi": {
      "mean": 0.4797318178263139,
      "std": 0.0474016587496567,
      "min": 0.20905899856814047,
      "max": 0.5893782195116639,
      "median": 0.4842866380311156
    }
  },
  "tokens_per_second": {
    "mean": 30.285829783251888,
    "std": 1.988553317984575
  },
  "compression_ratio": {
    "mean": 530.5047048795136,
    "std": 33.72349206459217
  }
}