{
  "language": "blues",
  "dataset": "gtzan",
  "num_samples": 25,
  "num_failed": 0,
  "metrics": {
    "mse": {
      "mean": 0.022166612012941646,
      "std": 0.009460304641055678,
      "min": 0.009233503527629076,
      "max": 0.04968263687272782,
      "median": 0.02006229166209124
    },
    "snr_db": {
      "mean": 0.15237251920040804,
      "std": 0.47229881175381083,
      "min": -0.539680022746633,
      "max": 1.1726363240382336,
      "median": 0.03032573900910184
    },
    "sdr_db": {
      "mean": 0.12131422753371082,
      "std": 0.45766272582188167,
      "min": -0.5412759042974001,
      "max": 1.0530885735405504,
      "median": -0.00012287552592108082
    },
    "pesq": {
      "mean": 1.1077764892578126,
      "std": 0.04365488632040083,
      "min": 1.0719664096832275,
      "max": 1.285735845565796,
      "median": 1.0952228307724
    },
    "stoi": {
      "mean": 0.5325264735230631,
      "std": 0.053639695786863804,
      "min": 0.4353185065860025,
      "max": 0.6186433771412987,
      "median": 0.5491204860146303
    },
    "estoi": {
      "mean": 0.279638490781593,
      "std": 0.039493451232655484,
      "min": 0.18871840376532367,
      "max": 0.35981093590958474,
      "median": 0.28669327372756964
    }
  },
  "tokens_per_second": {
    "mean": 31.824522434473568,
    "std": 3.098954998604903
  },
  "compression_ratio": {
    "mean": 699.6091730140208,
    "std": 69.8723825997236
  }
}