{
  "language": "ar_eg",
  "dataset": "fleurs",
  "num_samples": 100,
  "num_failed": 0,
  "metrics": {
    "mse": {
      "mean": 0.013148779455393706,
      "std": 0.00743538870487049,
      "min": 0.0027447047854399814,
      "max": 0.040903311415902505,
      "median": 0.011750983626531377
    },
    "snr_db": {
      "mean": 0.5463045221241297,
      "std": 1.0343743643210135,
      "min": -2.4945652962436133,
      "max": 3.1808803786809055,
      "median": 0.41169648810073456
    },
    "sdr_db": {
      "mean": 0.5497574836542604,
      "std": 1.064495355045451,
      "min": -2.60049326126328,
      "max": 3.301508589641112,
      "median": 0.4350407450027489
    },
    "pesq": {
      "mean": 1.2847292745113372,
      "std": 0.15496490309305297,
      "min": 1.041524887084961,
      "max": 1.7080447673797607,
      "median": 1.2494831085205078
    },
    "stoi": {
      "mean": 0.6985470866726854,
      "std": 0.08280772879838676,
      "min": 0.46977797789024256,
      "max": 0.8667528120697787,
      "median": 0.7081280503990445
    },
    "estoi": {
      "mean": 0.5219972855351451,
      "std": 0.11695409111472607,
      "min": 0.25298921120305407,
      "max": 0.7656504317768625,
      "median": 0.5222779877534407
    }
  },
  "tokens_per_second": {
    "mean": 27.428307887758272,
    "std": 3.3901566659930453
  },
  "compression_ratio": {
    "mean": 592.5566352029257,
    "std": 75.14450278018639
  }
}