{
  "language": "th_th",
  "dataset": "fleurs",
  "num_samples": 100,
  "num_failed": 0,
  "metrics": {
    "mse": {
      "mean": 0.017163176758503304,
      "std": 0.012308335203505662,
      "min": 0.0002666331619200642,
      "max": 0.05347248309514793,
      "median": 0.014737912667424555
    },
    "snr_db": {
      "mean": -0.5213182921831848,
      "std": 2.1164527173936714,
      "min": -6.35965115529017,
      "max": 2.6393191108182408,
      "median": -0.012577259772288251
    },
    "sdr_db": {
      "mean": -0.5261696120711806,
      "std": 2.10816125009296,
      "min": -6.369041985543608,
      "max": 2.59558164114228,
      "median": -0.014218256129792812
    },
    "pesq": {
      "mean": 1.2263016927242278,
      "std": 0.14652186441519796,
      "min": 1.019958257675171,
      "max": 1.6134066581726074,
      "median": 1.234324038028717
    },
    "stoi": {
      "mean": 0.6507367981953852,
      "std": 0.11795985336174904,
      "min": 0.41408224411824773,
      "max": 0.8293240574895945,
      "median": 0.6615909457978952
    },
    "estoi": {
      "mean": 0.4669155760568715,
      "std": 0.15321042491281991,
      "min": 0.18123163175493534,
      "max": 0.7472119311738987,
      "median": 0.4312128307872744
    }
  },
  "tokens_per_second": {
    "mean": 26.34453813976888,
    "std": 3.298180167555088
  },
  "compression_ratio": {
    "mean": 616.9019609372211,
    "std": 76.69041930092406
  }
}