{
  "language": "germany",
  "dataset": "eurospeech",
  "num_samples": 100,
  "num_failed": 0,
  "metrics": {
    "mse": {
      "mean": 0.013262906909999272,
      "std": 0.004617301986426687,
      "min": 0.004053892495460928,
      "max": 0.02856879355536168,
      "median": 0.012312881239197094
    },
    "snr_db": {
      "mean": 1.309502732315282,
      "std": 0.9382077457645658,
      "min": -0.35161653556963957,
      "max": 3.166805832904273,
      "median": 1.1848124904030226
    },
    "sdr_db": {
      "mean": 1.2655259932549552,
      "std": 0.9334464834360856,
      "min": -0.42703176282623323,
      "max": 3.0902194577348365,
      "median": 1.2359139355813538
    },
    "pesq": {
      "mean": 1.3089219188690187,
      "std": 0.0845176660838178,
      "min": 1.1699250936508179,
      "max": 1.5623916387557983,
      "median": 1.2950133085250854
    },
    "stoi": {
      "mean": 0.7663533805462681,
      "std": 0.06354467580438462,
      "min": 0.4762338592138353,
      "max": 0.8528935651897784,
      "median": 0.7770538608500033
    },
    "estoi": {
      "mean": 0.5778733465864435,
      "std": 0.0927005358113457,
      "min": 0.2163904520241966,
      "max": 0.7215311700269639,
      "median": 0.5764941892661332
    }
  },
  "tokens_per_second": {
    "mean": 32.32533637215523,
    "std": 3.515089198828772
  },
  "compression_ratio": {
    "mean": 500.96743477489076,
    "std": 55.43324024977388
  }
}