{
  "language": "croatia",
  "dataset": "eurospeech",
  "num_samples": 100,
  "num_failed": 0,
  "metrics": {
    "mse": {
      "mean": 0.020142112070114276,
      "std": 0.006715457748648278,
      "min": 0.004485203721542619,
      "max": 0.048534448719723754,
      "median": 0.019921747205341137
    },
    "snr_db": {
      "mean": -0.02631035290315108,
      "std": 0.34627194438283493,
      "min": -1.5774197427343601,
      "max": 0.960192549422695,
      "median": -0.06103662475239123
    },
    "sdr_db": {
      "mean": -0.03414929710999926,
      "std": 0.34997940968660896,
      "min": -1.5935185092216968,
      "max": 0.9479937882372174,
      "median": -0.0585011411105878
    },
    "pesq": {
      "mean": 1.100427533388138,
      "std": 0.050027638796965486,
      "min": 1.0297133922576904,
      "max": 1.2317471504211426,
      "median": 1.0923635363578796
    },
    "stoi": {
      "mean": 0.5264480959039112,
      "std": 0.06921955767673031,
      "min": 0.30623771054600374,
      "max": 0.6964405359107086,
      "median": 0.5233353785305714
    },
    "estoi": {
      "mean": 0.27373507673080755,
      "std": 0.05071780665094721,
      "min": 0.15570331317264266,
      "max": 0.3946383918051528,
      "median": 0.26970102728723133
    }
  },
  "tokens_per_second": {
    "mean": 24.379523616435467,
    "std": 1.1909599157357695
  },
  "compression_ratio": {
    "mean": 657.7907363637609,
    "std": 30.818993487816243
  }
}