{
  "language": "hy_am",
  "dataset": "fleurs",
  "num_samples": 100,
  "num_failed": 0,
  "metrics": {
    "mse": {
      "mean": 0.017025195739714803,
      "std": 0.010288644820156375,
      "min": 0.003300998373096953,
      "max": 0.0518150527809756,
      "median": 0.014780082182746112
    },
    "snr_db": {
      "mean": 0.05965713246250582,
      "std": 0.776894352221092,
      "min": -1.9855376812697354,
      "max": 2.122897701659243,
      "median": -0.022538785438557613
    },
    "sdr_db": {
      "mean": 0.026071175263374196,
      "std": 0.7936000054590141,
      "min": -2.0229633692231,
      "max": 1.9906187880527606,
      "median": -0.0374450848242854
    },
    "pesq": {
      "mean": 1.1647090470790864,
      "std": 0.13914715913836248,
      "min": 1.0224380493164062,
      "max": 1.660679578781128,
      "median": 1.1083309650421143
    },
    "stoi": {
      "mean": 0.6086706169779802,
      "std": 0.1285052410836702,
      "min": 0.32474690048336713,
      "max": 0.8161869398176608,
      "median": 0.6237773157343173
    },
    "estoi": {
      "mean": 0.3947321171087414,
      "std": 0.1340553803701746,
      "min": 0.11804895653832252,
      "max": 0.6742991025147932,
      "median": 0.40970878663184
    }
  },
  "tokens_per_second": {
    "mean": 23.630144852772922,
    "std": 1.7071428091624412
  },
  "compression_ratio": {
    "mean": 680.4706657903022,
    "std": 46.74110522439858
  }
}