{
  "language": "sw_ke",
  "dataset": "fleurs",
  "num_samples": 100,
  "num_failed": 0,
  "metrics": {
    "mse": {
      "mean": 0.012965878639539295,
      "std": 0.008516804624264948,
      "min": 0.0009511525913697014,
      "max": 0.05136228355772001,
      "median": 0.010759046401630244
    },
    "snr_db": {
      "mean": 0.10907000598489994,
      "std": 1.6073335102781692,
      "min": -7.3226510684643795,
      "max": 3.610604006078714,
      "median": 0.30517593040581836
    },
    "sdr_db": {
      "mean": 0.08798341666477066,
      "std": 1.5735749444290732,
      "min": -7.0788195563735075,
      "max": 3.1535235737061003,
      "median": 0.2638581659091235
    },
    "pesq": {
      "mean": 1.2757438445091247,
      "std": 0.18425793589590883,
      "min": 1.0229982137680054,
      "max": 1.9620671272277832,
      "median": 1.239801049232483
    },
    "stoi": {
      "mean": 0.6618680462561438,
      "std": 0.11361022801306825,
      "min": 0.28915956467427784,
      "max": 0.8438428402085735,
      "median": 0.6863470632818567
    },
    "estoi": {
      "mean": 0.4650570589829938,
      "std": 0.14432436314713848,
      "min": 0.13926003632328288,
      "max": 0.695029278960944,
      "median": 0.4575564972057009
    }
  },
  "tokens_per_second": {
    "mean": 25.807951500465833,
    "std": 3.158236359974189
  },
  "compression_ratio": {
    "mean": 628.5007346708427,
    "std": 70.58141044524967
  }
}