{
  "language": "jazz",
  "dataset": "gtzan",
  "num_samples": 25,
  "num_failed": 0,
  "metrics": {
    "mse": {
      "mean": 0.01664234504530275,
      "std": 0.008391256998661892,
      "min": 0.006472075174817129,
      "max": 0.03653006677688146,
      "median": 0.012670798392715881
    },
    "snr_db": {
      "mean": -0.26103430062317207,
      "std": 0.3271555860474338,
      "min": -0.9499405470728339,
      "max": 0.689990992906238,
      "median": -0.2922898297868202
    },
    "sdr_db": {
      "mean": -0.2729934007711909,
      "std": 0.2650166041629191,
      "min": -0.752050691859982,
      "max": 0.3858866573456049,
      "median": -0.26968839762901226
    },
    "pesq": {
      "mean": 1.0680419635772704,
      "std": 0.03272427326229528,
      "min": 1.0265909433364868,
      "max": 1.1488442420959473,
      "median": 1.0558491945266724
    },
    "stoi": {
      "mean": 0.401801558184487,
      "std": 0.09379916153178389,
      "min": 0.22150316604801812,
      "max": 0.6172561940775455,
      "median": 0.40609316984430566
    },
    "estoi": {
      "mean": 0.18630717201249053,
      "std": 0.04284737019452985,
      "min": 0.09192187241637019,
      "max": 0.25892700329895857,
      "median": 0.18691504704082554
    }
  },
  "tokens_per_second": {
    "mean": 29.084406930253223,
    "std": 2.3636889686154032
  },
  "compression_ratio": {
    "mean": 763.282024344527,
    "std": 63.542936267520965
  }
}