{
  "language": "italy",
  "dataset": "eurospeech",
  "num_samples": 100,
  "num_failed": 0,
  "metrics": {
    "mse": {
      "mean": 0.019912483760426116,
      "std": 0.008376962749571306,
      "min": 0.009927197578700501,
      "max": 0.05877467112553001,
      "median": 0.017754240428346807
    },
    "snr_db": {
      "mean": -0.35910358139524823,
      "std": 0.49574645497536346,
      "min": -1.4011311743939605,
      "max": 1.6859397227058852,
      "median": -0.417524173398802
    },
    "sdr_db": {
      "mean": -0.37737239691819213,
      "std": 0.4875190285986703,
      "min": -1.3655461220930896,
      "max": 1.2807165615750515,
      "median": -0.444537502719512
    },
    "pesq": {
      "mean": 1.2762069761753083,
      "std": 0.0457236493990106,
      "min": 1.2028236389160156,
      "max": 1.5000648498535156,
      "median": 1.2729638814926147
    },
    "stoi": {
      "mean": 0.758257834086378,
      "std": 0.026561697020581355,
      "min": 0.7033345686074922,
      "max": 0.8045836970648168,
      "median": 0.755445644776491
    },
    "estoi": {
      "mean": 0.5554910000068617,
      "std": 0.045297987986651064,
      "min": 0.4672530111545109,
      "max": 0.642936461441548,
      "median": 0.5615167255405514
    }
  },
  "tokens_per_second": {
    "mean": 29.477965673212587,
    "std": 1.3932818760011818
  },
  "compression_ratio": {
    "mean": 543.984234924656,
    "std": 25.561842576933756
  }
}