{
  "language": "yo_ng",
  "dataset": "fleurs",
  "num_samples": 100,
  "num_failed": 0,
  "metrics": {
    "mse": {
      "mean": 0.007135299929588763,
      "std": 0.003965621854883979,
      "min": 0.000982732710726175,
      "max": 0.020730696234099243,
      "median": 0.006410271080709513
    },
    "snr_db": {
      "mean": 0.6785672457118417,
      "std": 1.1180972711012032,
      "min": -3.43443644718496,
      "max": 3.277173659335305,
      "median": 0.6255995251231943
    },
    "sdr_db": {
      "mean": 0.5573597778400071,
      "std": 1.0858535866109316,
      "min": -3.6091139696722614,
      "max": 2.682795736739874,
      "median": 0.5483319761887012
    },
    "pesq": {
      "mean": 1.3531056892871858,
      "std": 0.18950955473707554,
      "min": 1.0879160165786743,
      "max": 1.899599313735962,
      "median": 1.3058630228042603
    },
    "stoi": {
      "mean": 0.7064039565823614,
      "std": 0.08211122683291282,
      "min": 0.37954334736007816,
      "max": 0.8374701897222481,
      "median": 0.7237232204221279
    },
    "estoi": {
      "mean": 0.5008476134832738,
      "std": 0.10327964060441776,
      "min": 0.18617946855687262,
      "max": 0.6738900760235906,
      "median": 0.5074041041603703
    }
  },
  "tokens_per_second": {
    "mean": 27.403025728454008,
    "std": 2.805555878720602
  },
  "compression_ratio": {
    "mean": 589.7654976920256,
    "std": 57.85463099863946
  }
}