{
  "language": "mk_mk",
  "dataset": "fleurs",
  "num_samples": 100,
  "num_failed": 0,
  "metrics": {
    "mse": {
      "mean": 0.0092306174078337,
      "std": 0.004227462804862339,
      "min": 0.0005308483144947234,
      "max": 0.021507528945798625,
      "median": 0.009028502158157425
    },
    "snr_db": {
      "mean": 1.5090222983448802,
      "std": 1.5134777847008545,
      "min": -5.553488626607068,
      "max": 4.286858860217172,
      "median": 1.5741657241395073
    },
    "sdr_db": {
      "mean": 1.5152873556782749,
      "std": 1.525975508939621,
      "min": -5.532286296992014,
      "max": 4.406172053889399,
      "median": 1.5851364802773138
    },
    "pesq": {
      "mean": 1.5020819842815398,
      "std": 0.1827150869562893,
      "min": 1.0697743892669678,
      "max": 1.9291467666625977,
      "median": 1.5227425694465637
    },
    "stoi": {
      "mean": 0.7689857120021288,
      "std": 0.05231254788437178,
      "min": 0.6287841746149566,
      "max": 0.8658542615567225,
      "median": 0.7761549373172623
    },
    "estoi": {
      "mean": 0.5605451147863721,
      "std": 0.07280461344135064,
      "min": 0.3974360441992678,
      "max": 0.7170299509245301,
      "median": 0.5633006618951867
    }
  },
  "tokens_per_second": {
    "mean": 30.245596525405798,
    "std": 2.785326594852131
  },
  "compression_ratio": {
    "mean": 533.8673605400502,
    "std": 53.51941324062245
  }
}