{
  "language": "slovakia",
  "dataset": "eurospeech",
  "num_samples": 100,
  "num_failed": 0,
  "metrics": {
    "mse": {
      "mean": 0.04269339617856877,
      "std": 0.012787915223018507,
      "min": 0.010985902515968933,
      "max": 0.0805058727666643,
      "median": 0.04290634716137742
    },
    "snr_db": {
      "mean": 0.1450445816259108,
      "std": 0.45533449778993407,
      "min": -0.9149483123954296,
      "max": 1.5336080860980266,
      "median": 0.13083445759588502
    },
    "sdr_db": {
      "mean": 0.11335865769302343,
      "std": 0.4731686679428668,
      "min": -0.9988161658625107,
      "max": 1.3679168455525565,
      "median": 0.07998290917643908
    },
    "pesq": {
      "mean": 1.2928704297542573,
      "std": 0.07051943732977048,
      "min": 1.1900678873062134,
      "max": 1.7193506956100464,
      "median": 1.2847687602043152
    },
    "stoi": {
      "mean": 0.7445536636572769,
      "std": 0.059122646806982974,
      "min": 0.40859312930048836,
      "max": 0.8239980957657943,
      "median": 0.7595611651759351
    },
    "estoi": {
      "mean": 0.5385606126655135,
      "std": 0.06150861802127924,
      "min": 0.2509047037721963,
      "max": 0.6211842623432073,
      "median": 0.5467650232818053
    }
  },
  "tokens_per_second": {
    "mean": 29.544171028589986,
    "std": 1.6367529464920354
  },
  "compression_ratio": {
    "mean": 543.2501094323362,
    "std": 30.605950556835648
  }
}