{
  "language": "sweden",
  "dataset": "eurospeech",
  "num_samples": 100,
  "num_failed": 0,
  "metrics": {
    "mse": {
      "mean": 0.010538387501170017,
      "std": 0.004489217782398146,
      "min": 0.0029128464168169253,
      "max": 0.022453468627581453,
      "median": 0.010185958527349683
    },
    "snr_db": {
      "mean": 0.6899608252343841,
      "std": 0.9388459188930048,
      "min": -0.9734145813585903,
      "max": 3.3447733449093042,
      "median": 0.7814963607218847
    },
    "sdr_db": {
      "mean": 0.6700584795302476,
      "std": 0.9366631313751724,
      "min": -0.9519194277473587,
      "max": 3.5542725543643883,
      "median": 0.7180640748082898
    },
    "pesq": {
      "mean": 1.4407594287395478,
      "std": 0.14012721794899036,
      "min": 1.2044051885604858,
      "max": 1.7537007331848145,
      "median": 1.4475020170211792
    },
    "stoi": {
      "mean": 0.797349505092792,
      "std": 0.037088208474888244,
      "min": 0.6777653371220493,
      "max": 0.8660508180953145,
      "median": 0.8032147218276013
    },
    "estoi": {
      "mean": 0.6209930455603105,
      "std": 0.07220396009600706,
      "min": 0.409304932510976,
      "max": 0.7755931388579437,
      "median": 0.6246349800843294
    }
  },
  "tokens_per_second": {
    "mean": 31.203384591139287,
    "std": 1.637840071841086
  },
  "compression_ratio": {
    "mean": 514.1672297210338,
    "std": 26.779829169580005
  }
}