{
  "language": "metal",
  "dataset": "gtzan",
  "num_samples": 25,
  "num_failed": 0,
  "metrics": {
    "mse": {
      "mean": 0.035432425556210734,
      "std": 0.02083710214685696,
      "min": 0.012772763518532798,
      "max": 0.10580226082765692,
      "median": 0.02785694568172422
    },
    "snr_db": {
      "mean": -0.29666779209310806,
      "std": 0.13865048017721532,
      "min": -0.8102624432995281,
      "max": -0.15440359687655666,
      "median": -0.26478996135486754
    },
    "sdr_db": {
      "mean": -0.2965449048840466,
      "std": 0.13929806583506396,
      "min": -0.8048189616568252,
      "max": -0.15297892973045454,
      "median": -0.2643795229193141
    },
    "pesq": {
      "mean": 1.2290328454971313,
      "std": 0.22275722574093546,
      "min": 1.0441632270812988,
      "max": 2.2075910568237305,
      "median": 1.1619287729263306
    },
    "stoi": {
      "mean": 0.22791937935625814,
      "std": 0.06978403672295426,
      "min": 0.09448608991588262,
      "max": 0.38635434591114626,
      "median": 0.21495827646494772
    },
    "estoi": {
      "mean": 0.12478642754947375,
      "std": 0.03101890217806835,
      "min": 0.06671372169846132,
      "max": 0.19991434233843505,
      "median": 0.12108390866398529
    }
  },
  "tokens_per_second": {
    "mean": 23.226526219040252,
    "std": 1.040506402340226
  },
  "compression_ratio": {
    "mean": 951.1624716240351,
    "std": 40.603549446252586
  }
}