{
  "language": "iceland",
  "dataset": "eurospeech",
  "num_samples": 100,
  "num_failed": 0,
  "metrics": {
    "mse": {
      "mean": 0.009078662507298581,
      "std": 0.0026347569922429634,
      "min": 0.004314810289637592,
      "max": 0.01879610172937646,
      "median": 0.008698823880475081
    },
    "snr_db": {
      "mean": -0.07901406391444481,
      "std": 0.3606697477042402,
      "min": -0.740112599146045,
      "max": 1.027532177767203,
      "median": -0.16796425303983709
    },
    "sdr_db": {
      "mean": -0.0727378646872663,
      "std": 0.35959391976021393,
      "min": -0.7911584770348604,
      "max": 1.220148065876238,
      "median": -0.13908541800544533
    },
    "pesq": {
      "mean": 1.290838316679001,
      "std": 0.08574329151755818,
      "min": 1.1026225090026855,
      "max": 1.488050937652588,
      "median": 1.2956873178482056
    },
    "stoi": {
      "mean": 0.6870690352106977,
      "std": 0.06010689246714021,
      "min": 0.5115061424820784,
      "max": 0.7645792564810281,
      "median": 0.7054492588837118
    },
    "estoi": {
      "mean": 0.42640246187980424,
      "std": 0.047748054444761705,
      "min": 0.3154218683759388,
      "max": 0.5179458840670339,
      "median": 0.42747512327647585
    }
  },
  "tokens_per_second": {
    "mean": 27.995791518013966,
    "std": 1.414410555532009
  },
  "compression_ratio": {
    "mean": 572.988975525701,
    "std": 29.235275685990413
  }
}