{
  "language": "denmark",
  "dataset": "eurospeech",
  "num_samples": 100,
  "num_failed": 0,
  "metrics": {
    "mse": {
      "mean": 0.00852872393336796,
      "std": 0.0032629154193132264,
      "min": 0.0039951141698609935,
      "max": 0.019865188919957276,
      "median": 0.008347789051947569
    },
    "snr_db": {
      "mean": 1.290916943984431,
      "std": 0.4671140910514095,
      "min": 0.3812062201425729,
      "max": 2.9004850471906876,
      "median": 1.2024989791005032
    },
    "sdr_db": {
      "mean": 1.2843413979574387,
      "std": 0.4824680701176779,
      "min": 0.22155752546542723,
      "max": 2.6954924955052935,
      "median": 1.1671891120158056
    },
    "pesq": {
      "mean": 1.4424173855781555,
      "std": 0.13154644236944182,
      "min": 1.221592664718628,
      "max": 1.8300299644470215,
      "median": 1.4141215682029724
    },
    "stoi": {
      "mean": 0.7956278505775641,
      "std": 0.04909464887002867,
      "min": 0.46520067001904736,
      "max": 0.8607263567877811,
      "median": 0.796894291311129
    },
    "estoi": {
      "mean": 0.5936758966912064,
      "std": 0.08025954307925352,
      "min": 0.2357336996951123,
      "max": 0.7341296594270011,
      "median": 0.5760181036408324
    }
  },
  "tokens_per_second": {
    "mean": 27.751623642629706,
    "std": 1.2901248939554726
  },
  "compression_ratio": {
    "mean": 577.7788538548264,
    "std": 26.656964446437037
  }
}