{
  "language": "latvia",
  "dataset": "eurospeech",
  "num_samples": 100,
  "num_failed": 0,
  "metrics": {
    "mse": {
      "mean": 0.009169005687674849,
      "std": 0.013494560579017064,
      "min": 0.001279980579761036,
      "max": 0.12162280736840324,
      "median": 0.0066729699291237735
    },
    "snr_db": {
      "mean": 0.21289843620886761,
      "std": 1.191957765973221,
      "min": -4.789191859136138,
      "max": 2.873865509391184,
      "median": -0.020624693357421862
    },
    "sdr_db": {
      "mean": 0.16529746939083131,
      "std": 1.1527468819563222,
      "min": -4.888998138135054,
      "max": 3.03072515020848,
      "median": -0.023118509119203018
    },
    "pesq": {
      "mean": 1.196821322441101,
      "std": 0.07683938155222252,
      "min": 1.0371043682098389,
      "max": 1.502188801765442,
      "median": 1.1808702945709229
    },
    "stoi": {
      "mean": 0.6456358308124658,
      "std": 0.09916338582566656,
      "min": 0.004450613300841358,
      "max": 0.788034015107401,
      "median": 0.6702265201680251
    },
    "estoi": {
      "mean": 0.42203339233028125,
      "std": 0.08927570718414252,
      "min": 0.01164596921480777,
      "max": 0.5546072975475509,
      "median": 0.4488335435823407
    }
  },
  "tokens_per_second": {
    "mean": 29.68935849341467,
    "std": 2.055935363567248
  },
  "compression_ratio": {
    "mean": 541.8078206180886,
    "std": 42.27760908404005
  }
}