{
  "language": "gl_es",
  "dataset": "fleurs",
  "num_samples": 100,
  "num_failed": 0,
  "metrics": {
    "mse": {
      "mean": 0.009265677207292974,
      "std": 0.0032814614024344662,
      "min": 0.003275244529617209,
      "max": 0.01783100480684763,
      "median": 0.008615636400347165
    },
    "snr_db": {
      "mean": 1.3324296236921738,
      "std": 1.1636531123558798,
      "min": -0.805329151120975,
      "max": 3.9163821901853795,
      "median": 1.3193078384728822
    },
    "sdr_db": {
      "mean": 1.2505636412288812,
      "std": 1.4148947264824296,
      "min": -6.256629798042539,
      "max": 3.9586104200818584,
      "median": 1.28428346881576
    },
    "pesq": {
      "mean": 1.5310937321186067,
      "std": 0.22874744583376422,
      "min": 1.018593192100525,
      "max": 1.996229648590088,
      "median": 1.5501075983047485
    },
    "stoi": {
      "mean": 0.7659810548753296,
      "std": 0.09399277503822441,
      "min": 0.42777032416963445,
      "max": 0.8663592200976189,
      "median": 0.7939830214482848
    },
    "estoi": {
      "mean": 0.5963015818517694,
      "std": 0.11209927989825764,
      "min": 0.26190350736789164,
      "max": 0.7294387664250258,
      "median": 0.6299590091341127
    }
  },
  "tokens_per_second": {
    "mean": 29.55528361015123,
    "std": 3.777648436523746
  },
  "compression_ratio": {
    "mean": 550.343735121784,
    "std": 70.71297465814395
  }
}