{
  "language": "fa_ir",
  "dataset": "fleurs",
  "num_samples": 100,
  "num_failed": 0,
  "metrics": {
    "mse": {
      "mean": 0.011052507506270652,
      "std": 0.004798038348151795,
      "min": 0.003292498400641529,
      "max": 0.027148967239118797,
      "median": 0.010644569147170881
    },
    "snr_db": {
      "mean": 0.4956767006558315,
      "std": 0.8169572361568279,
      "min": -0.7830778758180887,
      "max": 2.898906719303771,
      "median": 0.07068329737367471
    },
    "sdr_db": {
      "mean": 0.4815902341695061,
      "std": 0.8327178920505923,
      "min": -1.1285488780208381,
      "max": 2.7367744071948916,
      "median": 0.06451504380143282
    },
    "pesq": {
      "mean": 1.291288048028946,
      "std": 0.2021230196617514,
      "min": 1.0683685541152954,
      "max": 1.8828508853912354,
      "median": 1.2134953737258911
    },
    "stoi": {
      "mean": 0.6786745973841701,
      "std": 0.08436683167094385,
      "min": 0.4837716686397343,
      "max": 0.8579628960924781,
      "median": 0.6783011369452041
    },
    "estoi": {
      "mean": 0.4675748422263549,
      "std": 0.10337120733678687,
      "min": 0.3019473995227849,
      "max": 0.7062450758894921,
      "median": 0.46432062046497
    }
  },
  "tokens_per_second": {
    "mean": 26.68284294520021,
    "std": 4.062757247273163
  },
  "compression_ratio": {
    "mean": 613.2696305365397,
    "std": 90.09653153346476
  }
}