{
  "language": "es_419",
  "dataset": "fleurs",
  "num_samples": 100,
  "num_failed": 0,
  "metrics": {
    "mse": {
      "mean": 0.02666055559870397,
      "std": 0.04036157915761199,
      "min": 0.001511490376068585,
      "max": 0.12616734242908376,
      "median": 0.010211169335276287
    },
    "snr_db": {
      "mean": 0.8531690297194581,
      "std": 1.2821019336341497,
      "min": -1.588765126993815,
      "max": 4.556270996890706,
      "median": 0.6388390086199132
    },
    "sdr_db": {
      "mean": 0.8690841228012132,
      "std": 1.2891707744111718,
      "min": -1.6408307880810442,
      "max": 4.618786461246685,
      "median": 0.6563632877519971
    },
    "pesq": {
      "mean": 1.3911816823482512,
      "std": 0.2856754975881395,
      "min": 1.016436219215393,
      "max": 2.0264205932617188,
      "median": 1.36594820022583
    },
    "stoi": {
      "mean": 0.6578858636727861,
      "std": 0.2812724925272121,
      "min": -0.015156593000476294,
      "max": 0.87015004370784,
      "median": 0.787770157203979
    },
    "estoi": {
      "mean": 0.5163933382989602,
      "std": 0.2410803583940814,
      "min": -0.019623474474086928,
      "max": 0.7792911377503053,
      "median": 0.6187829449430862
    }
  },
  "tokens_per_second": {
    "mean": 28.182699572666127,
    "std": 3.5560939362631703
  },
  "compression_ratio": {
    "mean": 577.0794496805706,
    "std": 74.94353160308792
  }
}