{
  "language": "bulgaria",
  "dataset": "eurospeech",
  "num_samples": 100,
  "num_failed": 0,
  "metrics": {
    "mse": {
      "mean": 0.016245337492963634,
      "std": 0.005355962725749346,
      "min": 0.0036465218195216717,
      "max": 0.030155606866107958,
      "median": 0.016212403970167433
    },
    "snr_db": {
      "mean": 0.03909914431505447,
      "std": 0.32516700342253213,
      "min": -0.5668451669597065,
      "max": 1.0631140374862555,
      "median": -0.06513998389049758
    },
    "sdr_db": {
      "mean": 0.04833028048857341,
      "std": 0.31794945390504914,
      "min": -0.4168507909628669,
      "max": 1.0695900497720963,
      "median": -0.06656461967083625
    },
    "pesq": {
      "mean": 1.1730516743659973,
      "std": 0.061397984654447575,
      "min": 1.0730867385864258,
      "max": 1.3714427947998047,
      "median": 1.1613386869430542
    },
    "stoi": {
      "mean": 0.6319252273278096,
      "std": 0.062209833216244514,
      "min": 0.303446049241594,
      "max": 0.7309184545490613,
      "median": 0.6452961083316973
    },
    "estoi": {
      "mean": 0.3502570898646146,
      "std": 0.05236770565109023,
      "min": 0.13517963048360715,
      "max": 0.47530502022409443,
      "median": 0.35565587991387204
    }
  },
  "tokens_per_second": {
    "mean": 25.855599805365706,
    "std": 1.844534753003114
  },
  "compression_ratio": {
    "mean": 621.9161003018055,
    "std": 43.55829070380937
  }
}