{
  "language": "country",
  "dataset": "gtzan",
  "num_samples": 25,
  "num_failed": 0,
  "metrics": {
    "mse": {
      "mean": 0.047249871294216324,
      "std": 0.03300228013788672,
      "min": 0.008655635161032954,
      "max": 0.10742259185899788,
      "median": 0.03218736346823256
    },
    "snr_db": {
      "mean": -0.22961224533422134,
      "std": 0.21689803180021383,
      "min": -0.8329733506844508,
      "max": 0.16837633691031986,
      "median": -0.16430531647882277
    },
    "sdr_db": {
      "mean": -0.23334263992035711,
      "std": 0.21403217261329271,
      "min": -0.8878755808804976,
      "max": 0.11050874627750244,
      "median": -0.16460133494943718
    },
    "pesq": {
      "mean": 1.1626495265960692,
      "std": 0.32547284820632383,
      "min": 1.0413559675216675,
      "max": 2.7488136291503906,
      "median": 1.0941088199615479
    },
    "stoi": {
      "mean": 0.3357672510818304,
      "std": 0.1104443922970468,
      "min": 0.13174633875623826,
      "max": 0.4787514919038161,
      "median": 0.36832275706442164
    },
    "estoi": {
      "mean": 0.20147183160256987,
      "std": 0.0616633041997675,
      "min": 0.09531384778168144,
      "max": 0.3248494757573984,
      "median": 0.19925512758018457
    }
  },
  "tokens_per_second": {
    "mean": 27.38529797796676,
    "std": 4.305307278604039
  },
  "compression_ratio": {
    "mean": 824.3403350531636,
    "std": 123.13712346735917
  }
}