{
  "language": "cs_cz",
  "dataset": "fleurs",
  "num_samples": 100,
  "num_failed": 0,
  "metrics": {
    "mse": {
      "mean": 0.012142230536134587,
      "std": 0.00665185083135059,
      "min": 0.0005396070637884975,
      "max": 0.035759887406672325,
      "median": 0.01124035684310308
    },
    "snr_db": {
      "mean": 0.4991403481673658,
      "std": 1.9482949871755042,
      "min": -5.397668402634021,
      "max": 4.143035841752752,
      "median": -0.024699888789914155
    },
    "sdr_db": {
      "mean": 0.47074954293822885,
      "std": 1.9659975482892866,
      "min": -6.344805023468529,
      "max": 3.9899387836945404,
      "median": -0.034478266671794114
    },
    "pesq": {
      "mean": 1.2718556332588196,
      "std": 0.21893848373076974,
      "min": 1.0365126132965088,
      "max": 2.084956169128418,
      "median": 1.2208530902862549
    },
    "stoi": {
      "mean": 0.683657331005354,
      "std": 0.12012304831785983,
      "min": 0.39883897204654273,
      "max": 0.8604192622347329,
      "median": 0.7163155454857046
    },
    "estoi": {
      "mean": 0.5016250810811049,
      "std": 0.1552775770604786,
      "min": 0.1720040334329654,
      "max": 0.7754193738492028,
      "median": 0.55871789535973
    }
  },
  "tokens_per_second": {
    "mean": 25.725374155027012,
    "std": 3.945341837072247
  },
  "compression_ratio": {
    "mean": 636.11534853747,
    "std": 92.56977331515415
  }
}