{
  "language": "norway",
  "dataset": "eurospeech",
  "num_samples": 100,
  "num_failed": 0,
  "metrics": {
    "mse": {
      "mean": 0.0116200198051805,
      "std": 0.0041198078874197614,
      "min": 0.005445527790451977,
      "max": 0.02665124497887698,
      "median": 0.01063655086966496
    },
    "snr_db": {
      "mean": 0.27618379698863044,
      "std": 0.8413032715049782,
      "min": -1.5808519225177975,
      "max": 1.8971184247066475,
      "median": 0.13613633108091766
    },
    "sdr_db": {
      "mean": 0.22959180992782013,
      "std": 0.8514685879987656,
      "min": -1.516466452309641,
      "max": 1.900176474028597,
      "median": 0.0868670850134158
    },
    "pesq": {
      "mean": 1.2675409233570099,
      "std": 0.06364144083795757,
      "min": 1.1366651058197021,
      "max": 1.438511610031128,
      "median": 1.2633882761001587
    },
    "stoi": {
      "mean": 0.7417114209387886,
      "std": 0.04393061010100164,
      "min": 0.5216005114468153,
      "max": 0.8124385346872921,
      "median": 0.7513941687446645
    },
    "estoi": {
      "mean": 0.5473782493252766,
      "std": 0.057655234886529266,
      "min": 0.3636897916116831,
      "max": 0.6683097762485213,
      "median": 0.5468772842410728
    }
  },
  "tokens_per_second": {
    "mean": 31.30486627150318,
    "std": 1.8387346274896406
  },
  "compression_ratio": {
    "mean": 512.8763933651672,
    "std": 30.295540953270216
  }
}