{
  "language": "serbia",
  "dataset": "eurospeech",
  "num_samples": 100,
  "num_failed": 0,
  "metrics": {
    "mse": {
      "mean": 0.010176479493319578,
      "std": 0.010005296724704479,
      "min": 0.0037071324482494433,
      "max": 0.10608677244572891,
      "median": 0.008891720680609155
    },
    "snr_db": {
      "mean": 1.8342428363288406,
      "std": 0.8299386339834487,
      "min": -3.0791031367986497,
      "max": 2.943376948257312,
      "median": 1.9629823034067673
    },
    "sdr_db": {
      "mean": 1.823276583161573,
      "std": 0.8441296929693697,
      "min": -3.079103132704884,
      "max": 3.2974560117422844,
      "median": 1.9489777338059573
    },
    "pesq": {
      "mean": 1.5157359528541565,
      "std": 0.10023118835030699,
      "min": 1.237287998199463,
      "max": 1.7729098796844482,
      "median": 1.5184577703475952
    },
    "stoi": {
      "mean": 0.6801833722491376,
      "std": 0.07300661383908598,
      "min": 0.15947638302406922,
      "max": 0.7846524742863052,
      "median": 0.688383562450243
    },
    "estoi": {
      "mean": 0.4470938609048987,
      "std": 0.058770447195254864,
      "min": 0.1189580875162509,
      "max": 0.559001617848357,
      "median": 0.4540961075992451
    }
  },
  "tokens_per_second": {
    "mean": 30.54819284591672,
    "std": 1.8576528223683932
  },
  "compression_ratio": {
    "mean": 525.9348621621593,
    "std": 36.24252718945108
  }
}