{
  "language": "oc_fr",
  "dataset": "fleurs",
  "num_samples": 100,
  "num_failed": 0,
  "metrics": {
    "mse": {
      "mean": 0.010229590561193585,
      "std": 0.005484310932941471,
      "min": 0.0012761091473110443,
      "max": 0.023693666329401227,
      "median": 0.009305913778126113
    },
    "snr_db": {
      "mean": -0.003510136446480227,
      "std": 0.629081627976771,
      "min": -4.568603704807503,
      "max": 0.9677521209259221,
      "median": 0.003629254014716591
    },
    "sdr_db": {
      "mean": -0.006759379499610717,
      "std": 0.6086667971210213,
      "min": -4.1856759171745175,
      "max": 1.1372720722542482,
      "median": 0.008401629886240087
    },
    "pesq": {
      "mean": 1.298552212715149,
      "std": 0.11716843872225528,
      "min": 1.0707765817642212,
      "max": 1.645594835281372,
      "median": 1.2828331589698792
    },
    "stoi": {
      "mean": 0.7273190420451903,
      "std": 0.08657662630369507,
      "min": 0.5058355922031037,
      "max": 0.8521999735843856,
      "median": 0.7544495589131168
    },
    "estoi": {
      "mean": 0.4999625063676344,
      "std": 0.08733514408298698,
      "min": 0.2670727089707575,
      "max": 0.6802392836760467,
      "median": 0.5124025118341436
    }
  },
  "tokens_per_second": {
    "mean": 26.769142888453576,
    "std": 3.331042702356618
  },
  "compression_ratio": {
    "mean": 606.8767948727077,
    "std": 74.36837010804919
  }
}