{
  "language": "te_in",
  "dataset": "fleurs",
  "num_samples": 100,
  "num_failed": 0,
  "metrics": {
    "mse": {
      "mean": 0.017204378817232205,
      "std": 0.01139241359624675,
      "min": 0.0020988153667579113,
      "max": 0.05336763486629856,
      "median": 0.014847402587823445
    },
    "snr_db": {
      "mean": 0.9664285062554705,
      "std": 1.3136200336144768,
      "min": -2.7506465769443174,
      "max": 4.4174114397075,
      "median": 0.979441389979002
    },
    "sdr_db": {
      "mean": 0.9967306148869255,
      "std": 1.343939951520654,
      "min": -2.8175920150042435,
      "max": 4.4509971754383955,
      "median": 0.959343605658673
    },
    "pesq": {
      "mean": 1.3049810755252838,
      "std": 0.16895188398586217,
      "min": 1.034387230873108,
      "max": 1.7826597690582275,
      "median": 1.2911194562911987
    },
    "stoi": {
      "mean": 0.6172375405545768,
      "std": 0.13920754973264649,
      "min": 0.10322891466879071,
      "max": 0.8424210031752045,
      "median": 0.6354969115917304
    },
    "estoi": {
      "mean": 0.4422948117609555,
      "std": 0.1446468869453242,
      "min": 0.047915729718025116,
      "max": 0.6988471070716853,
      "median": 0.46244447283506984
    }
  },
  "tokens_per_second": {
    "mean": 29.434594948744586,
    "std": 4.7465377605725285
  },
  "compression_ratio": {
    "mean": 557.4869305692762,
    "std": 88.10095522793058
  }
}